Arsenal,Southampton,Arsenal Asian Card Handicap,23 November 2019,Premier League - England
Arsenal,Southampton,Arsenal Corner Match Bet,23 November 2019,Premier League - England
Brighton & Hove Albion,Leicester City,Under 5 matchCards,23 November 2019,Premier League - England
Everton,Norwich City,Under 5 matchCards,23 November 2019,Premier League - England
Everton,Norwich City,Everton Corner Match Bet,23 November 2019,Premier League - England
Manchester City,Chelsea,Over 2.5 matchGoals,23 November 2019,Premier League - England
Manchester City,Chelsea,Over 1.0 firstHalfTotalGoals,23 November 2019,Premier League - England
Manchester City,Chelsea,Over 1.5 1.5 BET,23 November 2019,Premier League - England
Manchester City,Chelsea,Manchester City Corner Match Bet,23 November 2019,Premier League - England
West Ham United,Tottenham Hotspur,Over 1.5 1.5 BET,23 November 2019,Premier League - England
Liverpool,Brighton & Hove Albion,Under 5 matchCards,30 November 2019,Premier League - England
Liverpool,Brighton & Hove Albion,Liverpool Corner Match Bet,30 November 2019,Premier League - England
Newcastle United,Manchester City,Under 5 matchCards,30 November 2019,Premier League - England
Newcastle United,Manchester City,Manchester City Corner Match Bet,30 November 2019,Premier League - England
Southampton,Watford,Over 1.0 firstHalfTotalGoals,30 November 2019,Premier League - England
Southampton,Watford,Watford Asian Card Handicap,30 November 2019,Premier League - England
Tottenham Hotspur,AFC Bournemouth,Over 1.0 firstHalfTotalGoals,30 November 2019,Premier League - England
Blackpool,AFC Wimbledon,Over 1.0 firstHalfTotalGoals,16 November 2019,League One - England
Gillingham,Lincoln City,Over 1 firstHalfTotalGoals ,16 November 2019,League One - England
Tranmere Rovers,Wycombe Wanderers,Tranmere Rovers Asian Card Handicap,17 November 2019,League One - England
Southend United,Oxford United,Over 1.0 firstHalfTotalGoals,23 November 2019,League One - England
Blackburn Rovers,Barnsley,Barnsley Asian Card Handicap,23 November 2019,Championship - England
Derby County,Preston North End,Under 5 matchCards,23 November 2019,Championship - England
Stoke City,Wigan Athletic,Wigan Athletic Asian Card Handicap,23 November 2019,Championship - England
Swansea City,Millwall,Under 5 matchCards,23 November 2019,Championship - England
Huddersfield Town,Swansea City,Under 5 matchCards,26 November 2019,Championship - England
Luton Town,Charlton Athletic,Charlton Athletic Asian Card Handicap,26 November 2019,Championship - England
Blackburn Rovers,Brentford,Under 4 matchCards,27 November 2019,Championship - England
Blackburn Rovers,Brentford,Under 5 matchCards,27 November 2019,Championship - England
Middlesbrough,Barnsley,Barnsley Asian Card Handicap,27 November 2019,Championship - England
Birmingham City,Millwall,Under 5 matchCards,30 November 2019,Championship - England
Crawley Town,Morecambe,Under 5 matchCards,16 November 2019,League Two - England
Salford City,Swindon Town,Under 4 matchCards,16 November 2019,League Two - England
Salford City,Swindon Town,Under 5 matchCards,16 November 2019,League Two - England
Walsall,Cambridge United,Under 5 matchCards,16 November 2019,League Two - England
Carlisle United,Cambridge United,Under 5 matchCards,23 November 2019,League Two - England
Crawley Town,Exeter City,Under 5 matchCards,23 November 2019,League Two - England
Salford City,Macclesfield Town,Under 5 matchCards,23 November 2019,League Two - England
Barnet,Stockport County,Under 5 matchCards,16 November 2019,National League - England
Bromley,Harrogate Town,Under 5 matchCards,16 November 2019,National League - England
Chesterfield,Chorley,Under 5 matchCards,16 November 2019,National League - England
Notts County,Barrow,Barrow Asian Card Handicap,16 November 2019,National League - England
Fylde,Dagenham & Redbridge,Under 4 matchCards,23 November 2019,National League - England
Fylde,Dagenham & Redbridge,Under 5 matchCards,23 November 2019,National League - England
Aldershot Town,Notts County,Under 5 matchCards,23 November 2019,National League - England
Harrogate Town,Chesterfield,Under 5 matchCards,23 November 2019,National League - England
Stockport County,Ebbsfleet United,Ebbsfleet United Asian Card Handicap,23 November 2019,National League - England
Sutton United,Bromley,Under 5 matchCards,23 November 2019,National League - England
Dagenham & Redbridge,Sutton United,Under 5 matchCards,26 November 2019,National League - England
Aldershot Town,Chesterfield,Under 5 matchCards,30 November 2019,National League - England
Chorley,Dagenham & Redbridge,Under 5 matchCards,30 November 2019,National League - England
Sutton United,Harrogate Town,Under 4 matchCards,30 November 2019,National League - England
Sutton United,Harrogate Town,Under 5 matchCards,30 November 2019,National League - England
Bradford (Park Avenue),Leamington,Over 2.5 matchGoals,16 November 2019,National League N / S - England
Hampton & Richmond,Wealdstone,Over 1.0 firstHalfTotalGoals,16 November 2019,National League N / S - England
Tonbridge Angels,St Albans City,Over 1.0 firstHalfTotalGoals,16 November 2019,National League N / S - England
Slough Town,Tonbridge Angels,Over 1.0 firstHalfTotalGoals,30 November 2019,National League N / S - England
Wealdstone,Concord Rangers,Over 1 firstHalfTotalGoals ,30 November 2019,National League N / S - England
St. Mirren,Hibernian,Under 5 matchCards,26 November 2019,Premiership - Scotland
Celtic,Livingston,Livingston Asian Card Handicap,23 November 2019,Premiership - Scotland
Celtic,Livingston,Under 5 matchCards,23 November 2019,Premiership - Scotland
Hamilton Academical,Rangers,Under 4 matchCards,24 November 2019,Premiership - Scotland
Hamilton Academical,Rangers,Under 5 matchCards,24 November 2019,Premiership - Scotland
Hibernian,Motherwell,Under 5 matchCards,23 November 2019,Premiership - Scotland
St. Johnstone,Aberdeen,Under 5 matchCards,24 November 2019,Premiership - Scotland
St. Mirren,Ross County,Under 5 matchCards,23 November 2019,Premiership - Scotland
Aberdeen,St. Mirren,Under 4 matchCards,30 November 2019,Premiership - Scotland
Aberdeen,St. Mirren,Under 5 matchCards,30 November 2019,Premiership - Scotland
Hibernian,Kilmarnock,Under 5 matchCards,30 November 2019,Premiership - Scotland
Motherwell,St. Johnstone,Under 5 matchCards,30 November 2019,Premiership - Scotland
Dundee United,Queen of the South,Under 5 matchCards,16 November 2019,Championship - Scotland
Inverness CT,Dundee,Under 5 matchCards,23 November 2019,Championship - Scotland
Partick Thistle,Alloa Athletic,Under 5 matchCards,26 November 2019,Championship - Scotland
Alloa Athletic,Inverness CT,Under 5 matchCards,30 November 2019,Championship - Scotland
Dundee,Queen of the South,Under 5 matchCards,30 November 2019,Championship - Scotland
Dunfermline Athletic,Partick Thistle,Under 5 matchCards,30 November 2019,Championship - Scotland
Greenock Morton,Dundee United,Under 4 matchCards,30 November 2019,Championship - Scotland
Greenock Morton,Dundee United,Under 5 matchCards,30 November 2019,Championship - Scotland
Dumbarton,Falkirk,Under 5 matchCards,16 November 2019,League One - Scotland
East Fife,Clyde,Under 5 matchCards,26 November 2019,League One - Scotland
Stranraer,Airdrieonians,Under 5 matchCards,16 November 2019,League One - Scotland
Airdrieonians,East Fife,Under 5 matchCards,30 November 2019,League One - Scotland
Clyde,Dumbarton,Over 1.0 firstHalfTotalGoals,30 November 2019,League One - Scotland
Falkirk,Stranraer,Under 5 matchCards,30 November 2019,League One - Scotland
Cove Rangers,Brechin City,Over 2.5 matchGoals,16 November 2019,League Two - Scotland
Cove Rangers,Brechin City,Brechin City Asian Card Handicap,16 November 2019,League Two - Scotland
Cove Rangers,Brechin City,Under 5 matchCards,16 November 2019,League Two - Scotland
Annan Athletic,Cove Rangers,Over 1.0 firstHalfTotalGoals,30 November 2019,League Two - Scotland
Annan Athletic,Cove Rangers,Under 5 matchCards,30 November 2019,League Two - Scotland
Aberystwyth Town,Cefn Druids,Over 1 firstHalfTotalGoals ,29 November 2019,Premier League - Wales
Airbus UK,The New Saints,Over 1.0 firstHalfTotalGoals,30 November 2019,Premier League - Wales
Caernarfon Town,Cardiff MU,Under 5 matchCards,29 November 2019,Premier League - Wales
Carmarthen Town,Bala Town,Over 1.0 firstHalfTotalGoals,30 November 2019,Premier League - Wales
Atalanta,Juventus,Over 3 matchCards,23 November 2019,Serie A - Italy
Bologna,Parma,Over 3 matchCards,24 November 2019,Serie A - Italy
Lecce,Cagliari,Lecce Over 1.5 Cards,24 November 2019,Serie A - Italy
Sampdoria,Udinese,Sampdoria Over 1.5 Cards,24 November 2019,Serie A - Italy
Sassuolo,Lazio,Over 1.0 firstHalfTotalGoals,24 November 2019,Serie A - Italy
Sassuolo,Lazio,Over 1 firstHalfTotalGoals ,24 November 2019,Serie A - Italy
Sassuolo,Lazio,Over 3 matchCards,24 November 2019,Serie A - Italy
Sassuolo,Lazio,Over 8 matchCorners,24 November 2019,Serie A - Italy
Torino,Internazionale,Over 3 matchCards,23 November 2019,Serie A - Italy
Fiorentina,Lecce,Lecce Over 1.5 Cards,30 November 2019,Serie A - Italy
Fiorentina,Lecce,Fiorentina Corner Match Bet,30 November 2019,Serie A - Italy
Ascoli,Cosenza,Over 3 matchCards,24 November 2019,Serie B - Italy
Ascoli,Cosenza,Under 10 matchCorners,24 November 2019,Serie B - Italy
Ascoli,Cosenza,Under 12 matchCorners,24 November 2019,Serie B - Italy
Chievo,Virtus Entella,Virtus Entella Over 1.5 Cards,25 November 2019,Serie B - Italy
Cittadella,Pisa,Cittadella Over 1.5 Cards,24 November 2019,Serie B - Italy
Cittadella,Pisa,Under 12 matchCorners,24 November 2019,Serie B - Italy
Empoli,Venezia,Venezia Asian Card Handicap,23 November 2019,Serie B - Italy
Empoli,Venezia,Venezia Over 1.5 Cards,23 November 2019,Serie B - Italy
Empoli,Venezia,Under 12 matchCorners,23 November 2019,Serie B - Italy
Juve Stabia,Salernitana,Over 3 matchCards,23 November 2019,Serie B - Italy
Juve Stabia,Salernitana,Juve Stabia Over 1.5 Cards,23 November 2019,Serie B - Italy
Juve Stabia,Salernitana,Salernitana Over 1.5 Cards,23 November 2019,Serie B - Italy
Spezia,Frosinone,Under 12 matchCorners,24 November 2019,Serie B - Italy
Cosenza,Spezia,Under 12 matchCorners,29 November 2019,Serie B - Italy
Crotone,Cittadella,Cittadella Asian Card Handicap,30 November 2019,Serie B - Italy
Salernitana,Ascoli,Over 3 matchCards,30 November 2019,Serie B - Italy
Venezia,Benevento,Venezia Asian Card Handicap,30 November 2019,Serie B - Italy
Venezia,Benevento,Venezia Over 1.5 Cards,30 November 2019,Serie B - Italy
Real Betis,Valencia,Real Betis Over 1.5 Cards,23 November 2019,La Liga - Spain
Eibar,Deportivo Alavés,Under 12 matchCorners,24 November 2019,La Liga - Spain
Espanyol,Getafe,Getafe Asian Card Handicap,24 November 2019,La Liga - Spain
Espanyol,Getafe,Getafe Over 1.5 Cards,24 November 2019,La Liga - Spain
Espanyol,Getafe,Under 12 matchCorners,24 November 2019,La Liga - Spain
Deportivo Alavés,Real Madrid,Deportivo Alavés Over 1.5 Cards,30 November 2019,La Liga - Spain
Deportivo Alavés,Real Madrid,Real Madrid Corner Match Bet,30 November 2019,La Liga - Spain
Celta Vigo,Real Valladolid,Under 12 matchCorners,29 November 2019,La Liga - Spain
Alcorcón,Málaga,Alcorcón Asian Card Handicap,17 November 2019,Segunda División - Spain
Elche,Almería,Under 12 matchCorners,16 November 2019,Segunda División - Spain
Mirandés,Las Palmas,Las Palmas Asian Card Handicap,17 November 2019,Segunda División - Spain
Mirandés,Las Palmas,Under 12 matchCorners,17 November 2019,Segunda División - Spain
Numancia,Rayo Vallecano,Rayo Vallecano Asian Card Handicap,16 November 2019,Segunda División - Spain
Ponferradina,Girona,Girona Over 1.5 Cards,17 November 2019,Segunda División - Spain
Ponferradina,Girona,Under 12 matchCorners,17 November 2019,Segunda División - Spain
Tenerife,Cádiz,Over 3 matchCards,17 November 2019,Segunda División - Spain
Tenerife,Cádiz,Under 12 matchCorners,17 November 2019,Segunda División - Spain
Real Zaragoza,Albacete,Albacete Asian Card Handicap,16 November 2019,Segunda División - Spain
Real Zaragoza,Albacete,Under 12 matchCorners,16 November 2019,Segunda División - Spain
Albacete,Mirandés,Albacete Over 1.5 Cards,24 November 2019,Segunda División - Spain
Albacete,Mirandés,Under 12 matchCorners,24 November 2019,Segunda División - Spain
Almería,Numancia,Under 12 matchCorners,24 November 2019,Segunda División - Spain
Cádiz,Lugo,Over 3 matchCards,24 November 2019,Segunda División - Spain
Deportivo La Coruña,Alcorcón,Alcorcón Asian Card Handicap,23 November 2019,Segunda División - Spain
Girona,Fuenlabrada,Over 3 matchCards,24 November 2019,Segunda División - Spain
Girona,Fuenlabrada,Under 12 matchCorners,24 November 2019,Segunda División - Spain
Huesca,Ponferradina,Under 12 matchCorners,23 November 2019,Segunda División - Spain
Las Palmas,Real Oviedo,Las Palmas Over 1.5 Cards,24 November 2019,Segunda División - Spain
Las Palmas,Real Oviedo,Real Oviedo Over 1.5 Cards,24 November 2019,Segunda División - Spain
Málaga,Elche,Málaga Corner Match Bet,24 November 2019,Segunda División - Spain
Sporting Gijón,Tenerife,Over 3 matchCards,22 November 2019,Segunda División - Spain
Sporting Gijón,Tenerife,Under 12 matchCorners,22 November 2019,Segunda División - Spain
Alcorcón,Huesca,Alcorcón Asian Card Handicap,30 November 2019,Segunda División - Spain
Alcorcón,Huesca,Over 3 matchCards,30 November 2019,Segunda División - Spain
Mirandés,Sporting Gijón,Under 12 matchCorners,30 November 2019,Segunda División - Spain
Numancia,Málaga,Under 2.5 matchGoals,29 November 2019,Segunda División - Spain
Ponferradina,Albacete,Albacete Asian Card Handicap,30 November 2019,Segunda División - Spain
Ponferradina,Albacete,Under 12 matchCorners,30 November 2019,Segunda División - Spain
Tenerife,Almería,Under 12 matchCorners,30 November 2019,Segunda División - Spain
Real Zaragoza,Girona,Girona Over 1.5 Cards,30 November 2019,Segunda División - Spain
Real Zaragoza,Girona,Under 12 matchCorners,30 November 2019,Segunda División - Spain
RB Leipzig,Köln,Over 1.5 1.5 BET,23 November 2019,Bundesliga - Germany
Bayer Leverkusen,Freiburg,Over 1.0 firstHalfTotalGoals,23 November 2019,Bundesliga - Germany
Bayer Leverkusen,Freiburg,Bayer Leverkusen Corner Match Bet,23 November 2019,Bundesliga - Germany
Eintracht Frankfurt,Wolfsburg,Under 5 matchCards,23 November 2019,Bundesliga - Germany
Fortuna Dusseldorf,Bayern Munich,Over 1.0 firstHalfTotalGoals,23 November 2019,Bundesliga - Germany
Union Berlin,Borussia M'gladbach,Under 5 matchCards,23 November 2019,Bundesliga - Germany
Bayern Munich,Bayer Leverkusen,Over 1.0 firstHalfTotalGoals,30 November 2019,Bundesliga - Germany
Bayern Munich,Bayer Leverkusen,Over 1.5 1.5 BET,30 November 2019,Bundesliga - Germany
Bayern Munich,Bayer Leverkusen,Over 1 firstHalfTotalGoals ,30 November 2019,Bundesliga - Germany
Bayern Munich,Bayer Leverkusen,Under 12 matchCorners,30 November 2019,Bundesliga - Germany
Hertha BSC,Borussia Dortmund,Over 2.5 matchGoals,30 November 2019,Bundesliga - Germany
Hertha BSC,Borussia Dortmund,Over 2.5 matchGoals,30 November 2019,Bundesliga - Germany
Hertha BSC,Borussia Dortmund,Borussia Dortmund Corner Match Bet,30 November 2019,Bundesliga - Germany
Schalke 04,Union Berlin,Under 12 matchCorners,29 November 2019,Bundesliga - Germany
Köln,Augsburg,Over 1 firstHalfTotalGoals ,30 November 2019,Bundesliga - Germany
Köln,Augsburg,Köln Corner Match Bet,30 November 2019,Bundesliga - Germany
Paderborn,RB Leipzig,Over 2.5 matchGoals,30 November 2019,Bundesliga - Germany
Paderborn,RB Leipzig,Over 1.0 firstHalfTotalGoals,30 November 2019,Bundesliga - Germany
Paderborn,RB Leipzig,Over 1 firstHalfTotalGoals ,30 November 2019,Bundesliga - Germany
Paderborn,RB Leipzig,Under 5 matchCards,30 November 2019,Bundesliga - Germany
Stuttgart,Karlsruher SC,Over 1.0 firstHalfTotalGoals,24 November 2019,2. Bundesliga - Germany
Stuttgart,Karlsruher SC,Under 5 matchCards,24 November 2019,2. Bundesliga - Germany
Hamburger SV,Dynamo Dresden,Dynamo Dresden Asian Card Handicap,23 November 2019,2. Bundesliga - Germany
Hamburger SV,Dynamo Dresden,Under 5 matchCards,23 November 2019,2. Bundesliga - Germany
Hamburger SV,Dynamo Dresden,Hamburger SV Corner Match Bet,23 November 2019,2. Bundesliga - Germany
Arminia Bielefeld,Sandhausen,Under 5 matchCards,23 November 2019,2. Bundesliga - Germany
Jahn Regensburg,Heidenheim,Under 5 matchCards,24 November 2019,2. Bundesliga - Germany
Jahn Regensburg,Heidenheim,Over 8 matchCorners,24 November 2019,2. Bundesliga - Germany
Nürnberg,Wehen Wiesbaden,Over 1.0 firstHalfTotalGoals,30 November 2019,2. Bundesliga - Germany
Karlsruher SC,Jahn Regensburg,Under 5 matchCards,29 November 2019,2. Bundesliga - Germany
Würzburger Kickers,Uerdingen,Uerdingen Over 1.5 Cards,23 November 2019,3. Liga - Germany
MSV Duisburg,Viktoria Köln,Over 2.5 matchGoals,25 November 2019,3. Liga - Germany
MSV Duisburg,Viktoria Köln,Over 1.0 firstHalfTotalGoals,25 November 2019,3. Liga - Germany
MSV Duisburg,Viktoria Köln,Over 1.5 1.5 BET,25 November 2019,3. Liga - Germany
Waldhof Mannheim,Ingolstadt,Over 1.0 firstHalfTotalGoals,23 November 2019,3. Liga - Germany
Chemnitzer FC,Uerdingen,Uerdingen Over 1.5 Cards,30 November 2019,3. Liga - Germany
Preußen Münster,Waldhof Mannheim,Over 1.0 firstHalfTotalGoals,30 November 2019,3. Liga - Germany
Preußen Münster,Waldhof Mannheim,Over 1.5 1.5 BET,30 November 2019,3. Liga - Germany
Preußen Münster,Waldhof Mannheim,Preußen Münster Asian Card Handicap,30 November 2019,3. Liga - Germany
Bayern München II,Carl Zeiss Jena,Over 1.5 1.5 BET,29 November 2019,3. Liga - Germany
Viktoria Köln,Kaiserslautern,Over 1.0 firstHalfTotalGoals,30 November 2019,3. Liga - Germany
Viktoria Köln,Kaiserslautern,Kaiserslautern Corner Match Bet,30 November 2019,3. Liga - Germany
PSG,Lille,Under 5 matchCards,22 November 2019,Ligue 1 - France
Olympique Lyonnais,Nice,Nice Asian Card Handicap,23 November 2019,Ligue 1 - France
Bordeaux,Monaco,Monaco Over 1.5 Cards,24 November 2019,Ligue 1 - France
Metz,Reims,Under 4 matchCards,23 November 2019,Ligue 1 - France
Metz,Reims,Under 5 matchCards,23 November 2019,Ligue 1 - France
Metz,Reims,Under 12 matchCorners,23 November 2019,Ligue 1 - France
Amiens SC,Strasbourg,Under 12 matchCorners,23 November 2019,Ligue 1 - France
Olympique Marseille,Brest,Olympique Marseille Asian Card Handicap,29 November 2019,Ligue 1 - France
Montpellier,Amiens SC,Under 12 matchCorners,30 November 2019,Ligue 1 - France
Lille,Dijon,Under 5 matchCards,30 November 2019,Ligue 1 - France
Paris FC,Auxerre,Under 12 matchCorners,22 November 2019,Ligue 2 - France
Caen,Le Mans,Under 12 matchCorners,22 November 2019,Ligue 2 - France
Lens,Sochaux,Under 12 matchCorners,23 November 2019,Ligue 2 - France
Chambly,Ajaccio,Under 1.0 firstHalfTotalGoals,29 November 2019,Ligue 2 - France
Villefranche,Concarneau,Villefranche Over 1.5 Cards,22 November 2019,National 1 - France
Boulogne,Bourg-en-Bresse,Boulogne Asian Card Handicap,29 November 2019,National 1 - France
Cholet,Toulon,Over 3 matchCards,29 November 2019,National 1 - France
Cholet,Toulon,Toulon Over 1.5 Cards,29 November 2019,National 1 - France
Avranches,Villefranche,Villefranche Over 1.5 Cards,29 November 2019,National 1 - France
Benfica,Marítimo,Marítimo Asian Card Handicap,30 November 2019,Primeira Liga - Portugal
Benfica,Marítimo,Benfica Corner Match Bet,30 November 2019,Primeira Liga - Portugal
Santa Clara,Boavista,Under 2.5 matchGoals,29 November 2019,Primeira Liga - Portugal
Santa Clara,Boavista,Under 2.5 matchGoals,29 November 2019,Primeira Liga - Portugal
Santa Clara,Boavista,Under 1.5 secondHalfTotalGoals ,29 November 2019,Primeira Liga - Portugal
Santa Clara,Boavista,Boavista Asian Card Handicap,29 November 2019,Primeira Liga - Portugal
Santa Clara,Boavista,Boavista Over 1.5 Cards,29 November 2019,Primeira Liga - Portugal
Santa Clara,Boavista,Boavista Over 2.5 Cards,29 November 2019,Primeira Liga - Portugal
Penafiel,Feirense,Feirense Over 1.5 Cards,16 November 2019,Segunda Liga - Portugal
Sporting Covilhã,Feirense,Feirense Over 1.5 Cards,29 November 2019,Segunda Liga - Portugal
Vilafranquense,Académica,Académica Over 1.5 Cards,30 November 2019,Segunda Liga - Portugal
Varzim,Penafiel,Over 1.0 firstHalfTotalGoals,30 November 2019,Segunda Liga - Portugal
Varzim,Penafiel,Varzim Corner Match Bet,30 November 2019,Segunda Liga - Portugal
PSV,Heerenveen,Under 4 matchCards,24 November 2019,Eredivisie - Netherlands
PSV,Heerenveen,Under 5 matchCards,24 November 2019,Eredivisie - Netherlands
PEC Zwolle,Fortuna Sittard,Over 2.5 matchGoals,23 November 2019,Eredivisie - Netherlands
Ajax,Heracles,Over 1.5 1.5 BET,23 November 2019,Eredivisie - Netherlands
Ajax,Heracles,Ajax Over 1.5 Cards,23 November 2019,Eredivisie - Netherlands
Ajax,Heracles,Ajax Corner Match Bet,23 November 2019,Eredivisie - Netherlands
RKC Waalwijk,Emmen,Over 1.5 1.5 BET,24 November 2019,Eredivisie - Netherlands
RKC Waalwijk,Emmen,Over 1 firstHalfTotalGoals ,24 November 2019,Eredivisie - Netherlands
VVV,Twente,Over 2.5 matchGoals,24 November 2019,Eredivisie - Netherlands
VVV,Twente,Over 2.5 matchGoals,24 November 2019,Eredivisie - Netherlands
VVV,Twente,Under 5 matchCards,24 November 2019,Eredivisie - Netherlands
Sparta Rotterdam,Vitesse,Over 1.0 firstHalfTotalGoals,24 November 2019,Eredivisie - Netherlands
Sparta Rotterdam,Vitesse,Over 1.5 1.5 BET,24 November 2019,Eredivisie - Netherlands
Sparta Rotterdam,Vitesse,Under 5 matchCards,24 November 2019,Eredivisie - Netherlands
Heerenveen,Vitesse,Under 5 matchCards,29 November 2019,Eredivisie - Netherlands
Den Bosch,Excelsior,Under 5 matchCards,17 November 2019,Eerste Divisie - Netherlands
Utrecht II,AZ II,Under 5 matchCards,22 November 2019,Eerste Divisie - Netherlands
De Graafschap,PSV II,Under 12 matchCorners,22 November 2019,Eerste Divisie - Netherlands
Helmond Sport,NEC,Under 5 matchCards,22 November 2019,Eerste Divisie - Netherlands
MVV,TOP Oss,Under 5 matchCards,22 November 2019,Eerste Divisie - Netherlands
Eindhoven,Cambuur,Under 12 matchCorners,22 November 2019,Eerste Divisie - Netherlands
Go Ahead Eagles,Roda JC,Under 5 matchCards,22 November 2019,Eerste Divisie - Netherlands
PSV II,NAC Breda,NAC Breda Corner Match Bet,25 November 2019,Eerste Divisie - Netherlands
NEC,Utrecht II,Under 5 matchCards,25 November 2019,Eerste Divisie - Netherlands
Ajax II,Helmond Sport,Over 2.5 matchGoals,25 November 2019,Eerste Divisie - Netherlands
Ajax II,Helmond Sport,Over 1.5 1.5 BET,25 November 2019,Eerste Divisie - Netherlands
Ajax II,Helmond Sport,Under 5 matchCards,25 November 2019,Eerste Divisie - Netherlands
Ajax II,Helmond Sport,Ajax II Corner Match Bet,25 November 2019,Eerste Divisie - Netherlands
AZ II,De Graafschap,Under 12 matchCorners,25 November 2019,Eerste Divisie - Netherlands
AZ II,De Graafschap,De Graafschap Corner Match Bet,25 November 2019,Eerste Divisie - Netherlands
Cambuur,AZ II,Over 1.0 firstHalfTotalGoals,29 November 2019,Eerste Divisie - Netherlands
Cambuur,AZ II,Under 12 matchCorners,29 November 2019,Eerste Divisie - Netherlands
TOP Oss,Eindhoven,Under 12 matchCorners,29 November 2019,Eerste Divisie - Netherlands
Roda JC,Excelsior,Under 5 matchCards,29 November 2019,Eerste Divisie - Netherlands
Telstar,Ajax II,Under 5 matchCards,29 November 2019,Eerste Divisie - Netherlands
Volendam,NEC,Under 5 matchCards,29 November 2019,Eerste Divisie - Netherlands
Helmond Sport,PSV II,Under 5 matchCards,29 November 2019,Eerste Divisie - Netherlands
Salzburg,St. Pölten,Over 1.0 firstHalfTotalGoals,23 November 2019,Bundesliga - Austria
Salzburg,St. Pölten,Over 1 firstHalfTotalGoals ,23 November 2019,Bundesliga - Austria
Salzburg,St. Pölten,St. Pölten Asian Card Handicap,23 November 2019,Bundesliga - Austria
Salzburg,St. Pölten,Salzburg Corner Match Bet,23 November 2019,Bundesliga - Austria
Austria Wien,Hartberg,Hartberg Over 1.5 Cards,30 November 2019,Bundesliga - Austria
St. Pölten,Mattersburg,Over 2.5 matchGoals,30 November 2019,Bundesliga - Austria
St. Pölten,Mattersburg,Over 1.0 firstHalfTotalGoals,30 November 2019,Bundesliga - Austria
St. Pölten,Mattersburg,Over 1 firstHalfTotalGoals ,30 November 2019,Bundesliga - Austria
St. Pölten,Mattersburg,St. Pölten Over 1.5 Cards,30 November 2019,Bundesliga - Austria
Austria Lustenau,Lafnitz,Over 3 matchCards,23 November 2019,2. Liga - Austria
Austria Lustenau,Lafnitz,Over 4 matchCards,23 November 2019,2. Liga - Austria
Austria Lustenau,Lafnitz,Lafnitz Over 1.5 Cards,23 November 2019,2. Liga - Austria
Kapfenberger SV,Vorwärts Steyr,Kapfenberger SV Over 1.5 Cards,22 November 2019,2. Liga - Austria
Blau-Weiß Linz,Liefering,Over 2.5 matchGoals,22 November 2019,2. Liga - Austria
Blau-Weiß Linz,Liefering,Over 3 matchCards,22 November 2019,2. Liga - Austria
Austria Klagenfurt,Austria Wien II,Over 2.5 matchGoals,22 November 2019,2. Liga - Austria
Austria Klagenfurt,Austria Wien II,Over 1.5 secondHalfTotalGoals,22 November 2019,2. Liga - Austria
Austria Klagenfurt,Austria Wien II,Austria Klagenfurt Asian Card Handicap,22 November 2019,2. Liga - Austria
Austria Klagenfurt,Austria Wien II,Austria Klagenfurt Over 1.5 Cards,22 November 2019,2. Liga - Austria
Horn,Wacker Innsbruck,Over 3 matchCards,22 November 2019,2. Liga - Austria
Horn,Wacker Innsbruck,Wacker Innsbruck Over 1.5 Cards,22 November 2019,2. Liga - Austria
Wacker Innsbruck,Horn,Over 3 matchCards,29 November 2019,2. Liga - Austria
Amstetten,Grazer AK,Over 1.5 1.5 BET,29 November 2019,2. Liga - Austria
Lafnitz,Austria Lustenau,Over 3 matchCards,29 November 2019,2. Liga - Austria
Lafnitz,Austria Lustenau,Austria Lustenau Over 1.5 Cards,29 November 2019,2. Liga - Austria
AaB,Horsens,Over 1 firstHalfTotalGoals ,24 November 2019,Superliga - Denmark
Nordsjælland,Randers,Nordsjælland Corner Match Bet,22 November 2019,Superliga - Denmark
AGF,Brøndby,Under 5 matchCards,24 November 2019,Superliga - Denmark
Silkeborg,Esbjerg,Under 5 matchCards,24 November 2019,Superliga - Denmark
Lyngby,Nordsjælland,Over 1.5 1.5 BET,29 November 2019,Superliga - Denmark
Lyngby,Nordsjælland,Over 1 firstHalfTotalGoals ,29 November 2019,Superliga - Denmark
Lyngby,Nordsjælland,Nordsjælland Corner Match Bet,29 November 2019,Superliga - Denmark
Vålerenga,Molde,Under 5 matchCards,24 November 2019,Eliteserien - Norway
Ranheim,Lillestrøm,Under 5 matchCards,24 November 2019,Eliteserien - Norway
Sarpsborg 08,Haugesund,Under 5 matchCards,24 November 2019,Eliteserien - Norway
Odd,Tromsø,Under 5 matchCards,24 November 2019,Eliteserien - Norway
Bodø / Glimt,Kristiansund,Under 5 matchCards,24 November 2019,Eliteserien - Norway
Strømsgodset,Brann,Under 5 matchCards,24 November 2019,Eliteserien - Norway
Stabæk,Mjøndalen,Under 4 matchCards,24 November 2019,Eliteserien - Norway
Stabæk,Mjøndalen,Under 5 matchCards,24 November 2019,Eliteserien - Norway
Viking,Rosenborg,Rosenborg Over 4 Corners,24 November 2019,Eliteserien - Norway
Viking,Rosenborg,Rosenborg Corner Match Bet,24 November 2019,Eliteserien - Norway
Club Brugge,KV Oostende,Club Brugge Over 1.5 Cards,22 November 2019,First Division A - Belgium
Club Brugge,KV Oostende,Club Brugge Corner Match Bet,22 November 2019,First Division A - Belgium
Gent,Antwerp,Over 2.5 matchGoals,24 November 2019,First Division A - Belgium
Gent,Antwerp,Over 1.5 1.5 BET,24 November 2019,First Division A - Belgium
Royal Excel Mouscron,Genk,Under 12 matchCorners,23 November 2019,First Division A - Belgium
Mechelen,Zulte-Waregem,Over 1 firstHalfTotalGoals ,23 November 2019,First Division A - Belgium
Waasland-Beveren,Cercle Brugge,Under 5 matchCards,23 November 2019,First Division A - Belgium
Club Brugge,Royal Excel Mouscron,Club Brugge Over 1.5 Cards,30 November 2019,First Division A - Belgium
Genk,Sint-Truiden,Sint-Truiden Asian Card Handicap,30 November 2019,First Division A - Belgium
Sparta Praha,České Budějovice,Over 1.0 firstHalfTotalGoals,22 November 2019,Czech Liga - Czech-republic
Sparta Praha,České Budějovice,Over 1 firstHalfTotalGoals ,22 November 2019,Czech Liga - Czech-republic
Sparta Praha,České Budějovice,Sparta Praha Corner Match Bet,22 November 2019,Czech Liga - Czech-republic
Bohemians 1905,Příbram,Under 5 matchCards,23 November 2019,Czech Liga - Czech-republic
Slovan Liberec,Zlín,Under 12 matchCorners,23 November 2019,Czech Liga - Czech-republic
Sigma Olomouc,Slovan Liberec,Slovan Liberec Asian Card Handicap,30 November 2019,Czech Liga - Czech-republic
Dinamo Zagreb,Hajduk Split,Hajduk Split Asian Card Handicap,22 November 2019,1. HNL - Croatia
Osijek,Istra 1961,Osijek Asian Card Handicap,24 November 2019,1. HNL - Croatia
Lokomotiva Zagreb,Gorica,Gorica Asian Card Handicap,29 November 2019,1. HNL - Croatia
Pogoń Szczecin,Legia Warszawa,Under 12 matchCorners,23 November 2019,Ekstraklasa - Poland
Legia Warszawa,Korona Kielce,Under 12 matchCorners,30 November 2019,Ekstraklasa - Poland
Tambov,Lokomotiv Moscow,Under 12 matchCorners,22 November 2019,Premier League - Russia
CSKA Moscow,Krylya Sovetov,CSKA Moscow Corner Match Bet,24 November 2019,Premier League - Russia
Dinamo Moscow,Rostov,Under 12 matchCorners,23 November 2019,Premier League - Russia
Rubin Kazan,Zenit,Rubin Kazan Asian Card Handicap,23 November 2019,Premier League - Russia
Arsenal Tula,Krasnodar,Over 1 firstHalfTotalGoals ,24 November 2019,Premier League - Russia
Ural,Spartak Moscow,Spartak Moscow Asian Card Handicap,24 November 2019,Premier League - Russia
Ural,Spartak Moscow,Under 12 matchCorners,24 November 2019,Premier League - Russia
Rostov,Ural,Under 12 matchCorners,30 November 2019,Premier League - Russia
Akhmat Grozny,Rubin Kazan,Under 10 matchCorners,30 November 2019,Premier League - Russia
Akhmat Grozny,Rubin Kazan,Under 12 matchCorners,30 November 2019,Premier League - Russia
Krylya Sovetov,Ufa,Under 12 matchCorners,30 November 2019,Premier League - Russia
Mordovia Saransk,Fakel,Mordovia Saransk Over 1.5 Cards,17 November 2019,FNL - Russia
Mordovia Saransk,Fakel,Fakel Over 1.5 Cards,17 November 2019,FNL - Russia
Nizhny Novgorod,Chayka,Over 3 matchCards,17 November 2019,FNL - Russia
Nizhny Novgorod,Chayka,Nizhny Novgorod Over 1.5 Cards,17 November 2019,FNL - Russia
Khimki,Chertanovo,Over 3 matchCards,17 November 2019,FNL - Russia
Chertanovo,SKA Khabarovsk,Over 3 matchCards,23 November 2019,FNL - Russia
Baltika,Mordovia Saransk,Mordovia Saransk Over 1.5 Cards,23 November 2019,FNL - Russia
Fakel,Nizhny Novgorod,Nizhny Novgorod Over 1.5 Cards,23 November 2019,FNL - Russia
Neftekhimik,Yenisey,Over 3 matchCards,23 November 2019,FNL - Russia
Kasımpaşa,Gençlerbirliği,Gençlerbirliği Over 1.5 Cards,24 November 2019,Süper Lig - Turkey
Konyaspor,Beşiktaş,Beşiktaş Over 1.5 Cards,23 November 2019,Süper Lig - Turkey
Galatasaray,Istanbul Basaksehir,Istanbul Basaksehir Corner Match Bet,22 November 2019,Süper Lig - Turkey
Antalyaspor,Gaziantep FK,Over 1.0 firstHalfTotalGoals,25 November 2019,Süper Lig - Turkey
Antalyaspor,Gaziantep FK,Over 1 firstHalfTotalGoals ,25 November 2019,Süper Lig - Turkey
Antalyaspor,Gaziantep FK,Gaziantep FK Over 1.5 Cards,25 November 2019,Süper Lig - Turkey
Yeni Malatyaspor,Fenerbahçe,Yeni Malatyaspor Asian Card Handicap,24 November 2019,Süper Lig - Turkey
Kayserispor,Sivasspor,Sivasspor Over 1.5 Cards,24 November 2019,Süper Lig - Turkey
Sivasspor,Kasımpaşa,Over 3 matchCards,30 November 2019,Süper Lig - Turkey
Sivasspor,Kasımpaşa,Kasımpaşa Over 1.5 Cards,30 November 2019,Süper Lig - Turkey
Gençlerbirliği,Yeni Malatyaspor,Under 12 matchCorners,29 November 2019,Süper Lig - Turkey
Alanyaspor,Ankaragücü,Alanyaspor Corner Match Bet,30 November 2019,Süper Lig - Turkey
Göztepe,Fenerbahçe,Göztepe Asian Card Handicap,30 November 2019,Süper Lig - Turkey
Göztepe,Fenerbahçe,Under 12 matchCorners,30 November 2019,Süper Lig - Turkey
Atromitos,OFI,OFI Over 1.5 Cards,24 November 2019,Super League 1 - Greece
Panaitolikos,Panathinaikos,Panathinaikos Asian Card Handicap,24 November 2019,Super League 1 - Greece
Panaitolikos,Panathinaikos,Under 12 matchCorners,24 November 2019,Super League 1 - Greece
Panionios,Olympiakos Piraeus,Panionios Asian Card Handicap,23 November 2019,Super League 1 - Greece
Panionios,Olympiakos Piraeus,Olympiakos Piraeus Corner Match Bet,23 November 2019,Super League 1 - Greece
PAOK,Larissa,Over 1.0 firstHalfTotalGoals,24 November 2019,Super League 1 - Greece
PAOK,Larissa,Larissa Asian Card Handicap,24 November 2019,Super League 1 - Greece
OFI,AEK Athens,OFI Over 1.5 Cards,30 November 2019,Super League 1 - Greece
CFR Cluj,Chindia Târgovişte,Chindia Târgovişte Over 1.5 Cards,22 November 2019,Liga I - Romania
CFR Cluj,Chindia Târgovişte,Under 12 matchCorners,22 November 2019,Liga I - Romania
CFR Cluj,Chindia Târgovişte,CFR Cluj Corner Match Bet,22 November 2019,Liga I - Romania
Viitorul,Sepsi,Under 12 matchCorners,25 November 2019,Liga I - Romania
Gaz Metan Mediaş,Botoşani,Under 12 matchCorners,24 November 2019,Liga I - Romania
FCSB,Astra,Over 3 matchCards,23 November 2019,Liga I - Romania
FCSB,Astra,FCSB Over 1.5 Cards,23 November 2019,Liga I - Romania
FCSB,Astra,Under 12 matchCorners,23 November 2019,Liga I - Romania
Academica Clinceni,Dinamo Bucureşti,Under 12 matchCorners,24 November 2019,Liga I - Romania
Sepsi,Universitatea Craiova,Under 12 matchCorners,30 November 2019,Liga I - Romania
Astra,Gaz Metan Mediaş,Under 12 matchCorners,29 November 2019,Liga I - Romania
Voluntari,FCSB,Under 12 matchCorners,30 November 2019,Liga I - Romania
Trenčín,Spartak Trnava,Over 1 firstHalfTotalGoals ,23 November 2019,Super Liga - Slovakia
Partizan,Javor Ivanjica,Over 1.0 firstHalfTotalGoals,22 November 2019,Super Liga - Serbia
Vojvodina,Napredak,Napredak Over 1.5 Cards,23 November 2019,Super Liga - Serbia
Voždovac,Proleter Novi Sad,Under 12 matchCorners,23 November 2019,Super Liga - Serbia
Santos,São Paulo,Over 3 matchCards,16 November 2019,Serie A - Brazil
CRB,Ponte Preta,Over 3 matchCards,16 November 2019,Serie B - Brazil
América Mineiro,São Bento,São Bento Asian Card Handicap,30 November 2019,Serie B - Brazil
Puebla,Necaxa,Under 12 matchCorners,23 November 2019,Liga MX - Mexico
Tijuana,León,Over 1.0 firstHalfTotalGoals,23 November 2019,Liga MX - Mexico
Tijuana,León,Over 1 firstHalfTotalGoals ,23 November 2019,Liga MX - Mexico
Monterrey,Atlas,Monterrey Corner Match Bet,24 November 2019,Liga MX - Mexico
Dalian Yifang,Hebei CFFC,Under 5 matchCards,23 November 2019,CSL - China-pr
Wuhan Zall,Guangzhou R&F,Under 5 matchCards,22 November 2019,CSL - China-pr
Guangzhou Evergrande,Shanghai SIPG,Under 5 matchCards,23 November 2019,CSL - China-pr
Guangzhou R&F,Beijing Guoan,Under 5 matchCards,27 November 2019,CSL - China-pr
Hebei CFFC,Guangzhou Evergrande,Under 5 matchCards,27 November 2019,CSL - China-pr
Beijing Renhe,Shanghai SIPG,Under 5 matchCards,27 November 2019,CSL - China-pr
Shanghai Shenhua,Jiangsu Suning,Over 2.5 matchGoals,27 November 2019,CSL - China-pr
Consadole Sapporo,Júbilo Iwata,Under 5 matchCards,23 November 2019,J1 League - Japan
Tokyo,Shonan Bellmare,Under 5 matchCards,23 November 2019,J1 League - Japan
Matsumoto Yamaga,Yokohama F. Marinos,Under 4 matchCards,23 November 2019,J1 League - Japan
Matsumoto Yamaga,Yokohama F. Marinos,Under 5 matchCards,23 November 2019,J1 League - Japan
Shimizu S-Pulse,Oita Trinita,Under 4 matchCards,23 November 2019,J1 League - Japan
Shimizu S-Pulse,Oita Trinita,Under 5 matchCards,23 November 2019,J1 League - Japan
Nagoya Grampus,Sagan Tosu,Under 4 matchCards,23 November 2019,J1 League - Japan
Nagoya Grampus,Sagan Tosu,Under 5 matchCards,23 November 2019,J1 League - Japan
Gamba Osaka,Vegalta Sendai,Under 3 matchCards,23 November 2019,J1 League - Japan
Gamba Osaka,Vegalta Sendai,Under 4 matchCards,23 November 2019,J1 League - Japan
Gamba Osaka,Vegalta Sendai,Under 5 matchCards,23 November 2019,J1 League - Japan
Vissel Kobe,Cerezo Osaka,Under 3 matchCards,23 November 2019,J1 League - Japan
Vissel Kobe,Cerezo Osaka,Under 4 matchCards,23 November 2019,J1 League - Japan
Vissel Kobe,Cerezo Osaka,Under 5 matchCards,23 November 2019,J1 League - Japan
Sanfrecce Hiroshima,Kashima Antlers,Under 4 matchCards,23 November 2019,J1 League - Japan
Sanfrecce Hiroshima,Kashima Antlers,Under 5 matchCards,23 November 2019,J1 League - Japan
Vegalta Sendai,Oita Trinita,Under 3 matchCards,30 November 2019,J1 League - Japan
Vegalta Sendai,Oita Trinita,Under 4 matchCards,30 November 2019,J1 League - Japan
Vegalta Sendai,Oita Trinita,Under 5 matchCards,30 November 2019,J1 League - Japan
Kashima Antlers,Vissel Kobe,Under 5 matchCards,30 November 2019,J1 League - Japan
Tokyo,Urawa Reds,Under 4 matchCards,30 November 2019,J1 League - Japan
Tokyo,Urawa Reds,Under 5 matchCards,30 November 2019,J1 League - Japan
Kawasaki Frontale,Yokohama F. Marinos,Under 4 matchCards,30 November 2019,J1 League - Japan
Kawasaki Frontale,Yokohama F. Marinos,Under 5 matchCards,30 November 2019,J1 League - Japan
Shonan Bellmare,Sanfrecce Hiroshima,Under 4 matchCards,30 November 2019,J1 League - Japan
Shonan Bellmare,Sanfrecce Hiroshima,Under 5 matchCards,30 November 2019,J1 League - Japan
Júbilo Iwata,Nagoya Grampus,Under 4 matchCards,30 November 2019,J1 League - Japan
Júbilo Iwata,Nagoya Grampus,Under 5 matchCards,30 November 2019,J1 League - Japan
Gamba Osaka,Matsumoto Yamaga,Under 3 matchCards,30 November 2019,J1 League - Japan
Gamba Osaka,Matsumoto Yamaga,Under 4 matchCards,30 November 2019,J1 League - Japan
Gamba Osaka,Matsumoto Yamaga,Under 5 matchCards,30 November 2019,J1 League - Japan
Cerezo Osaka,Shimizu S-Pulse,Under 4 matchCards,30 November 2019,J1 League - Japan
Cerezo Osaka,Shimizu S-Pulse,Under 5 matchCards,30 November 2019,J1 League - Japan
Sagan Tosu,Consadole Sapporo,Under 4 matchCards,30 November 2019,J1 League - Japan
Sagan Tosu,Consadole Sapporo,Under 5 matchCards,30 November 2019,J1 League - Japan
Montedio Yamagata,Machida Zelvia,Under 5 matchCards,24 November 2019,J2 League - Japan
Mito Hollyhock,Fagiano Okayama,Under 4 matchCards,24 November 2019,J2 League - Japan
Mito Hollyhock,Fagiano Okayama,Under 5 matchCards,24 November 2019,J2 League - Japan
JEF United,Tochigi,Under 4 matchCards,24 November 2019,J2 League - Japan
JEF United,Tochigi,Under 5 matchCards,24 November 2019,J2 League - Japan
Kashiwa Reysol,Kyoto Sanga,Under 4 matchCards,24 November 2019,J2 League - Japan
Kashiwa Reysol,Kyoto Sanga,Under 5 matchCards,24 November 2019,J2 League - Japan
Tokyo Verdy,Gifu,Under 3 matchCards,24 November 2019,J2 League - Japan
Tokyo Verdy,Gifu,Under 4 matchCards,24 November 2019,J2 League - Japan
Tokyo Verdy,Gifu,Under 5 matchCards,24 November 2019,J2 League - Japan
Yokohama,Ehime,Under 4 matchCards,24 November 2019,J2 League - Japan
Yokohama,Ehime,Under 5 matchCards,24 November 2019,J2 League - Japan
Ventforet Kofu,Ryūkyū,Under 4 matchCards,24 November 2019,J2 League - Japan
Ventforet Kofu,Ryūkyū,Under 5 matchCards,24 November 2019,J2 League - Japan
Albirex Niigata,V-Varen Nagasaki,Under 4 matchCards,24 November 2019,J2 League - Japan
Albirex Niigata,V-Varen Nagasaki,Under 5 matchCards,24 November 2019,J2 League - Japan
Zweigen Kanazawa,Omiya Ardija,Under 3 matchCards,24 November 2019,J2 League - Japan
Zweigen Kanazawa,Omiya Ardija,Under 4 matchCards,24 November 2019,J2 League - Japan
Zweigen Kanazawa,Omiya Ardija,Under 5 matchCards,24 November 2019,J2 League - Japan
Tokushima Vortis,Renofa Yamaguchi,Under 4 matchCards,24 November 2019,J2 League - Japan
Tokushima Vortis,Renofa Yamaguchi,Under 5 matchCards,24 November 2019,J2 League - Japan
Avispa Fukuoka,Kagoshima United,Under 4 matchCards,24 November 2019,J2 League - Japan
Avispa Fukuoka,Kagoshima United,Under 5 matchCards,24 November 2019,J2 League - Japan
Hapoel Haifa,Maccabi Netanya,Maccabi Netanya Asian Card Handicap,30 November 2019,Ligat ha'Al - Israel
Hapoel Haifa,Maccabi Netanya,Maccabi Netanya Over 1.5 Cards,30 November 2019,Ligat ha'Al - Israel
Ironi Kiryat Shmona,Maccabi Tel Aviv,Under 12 matchCorners,30 November 2019,Ligat ha'Al - Israel
Newcastle Jets,Western Sydney Wanderers,Newcastle Jets Corner Match Bet,30 November 2019,A-League - Australia
