Werder Bremen,Eintracht Frankfurt,24,3 June 2020,Bundesliga - Germany,3047229
Köln,RB Leipzig,29,1 June 2020,Bundesliga - Germany,3047279
Borussia Dortmund,Hertha BSC,30,6 June 2020,Bundesliga - Germany,3047281
RB Leipzig,Paderborn,30,6 June 2020,Bundesliga - Germany,3047282
Bayer Leverkusen,Bayern Munich,30,6 June 2020,Bundesliga - Germany,3047283
Eintracht Frankfurt,Mainz 05,30,6 June 2020,Bundesliga - Germany,3047284
Werder Bremen,Wolfsburg,30,7 June 2020,Bundesliga - Germany,3047285
Fortuna Dusseldorf,Hoffenheim,30,6 June 2020,Bundesliga - Germany,3047286
Freiburg,Borussia M'gladbach,30,5 June 2020,Bundesliga - Germany,3047287
Augsburg,Köln,30,7 June 2020,Bundesliga - Germany,3047288
Union Berlin,Schalke 04,30,7 June 2020,Bundesliga - Germany,3047289
Bayern Munich,Borussia M'gladbach,31,13 June 2020,Bundesliga - Germany,3047290
Wolfsburg,Freiburg,31,13 June 2020,Bundesliga - Germany,3047291
Hoffenheim,RB Leipzig,31,12 June 2020,Bundesliga - Germany,3047292
Fortuna Dusseldorf,Borussia Dortmund,31,13 June 2020,Bundesliga - Germany,3047293
Hertha BSC,Eintracht Frankfurt,31,13 June 2020,Bundesliga - Germany,3047294
Mainz 05,Augsburg,31,14 June 2020,Bundesliga - Germany,3047295
Schalke 04,Bayer Leverkusen,31,14 June 2020,Bundesliga - Germany,3047296
Köln,Union Berlin,31,13 June 2020,Bundesliga - Germany,3047297
Paderborn,Werder Bremen,31,13 June 2020,Bundesliga - Germany,3047298
Borussia Dortmund,Mainz 05,32,17 June 2020,Bundesliga - Germany,3047299
RB Leipzig,Fortuna Dusseldorf,32,17 June 2020,Bundesliga - Germany,3047300
Bayer Leverkusen,Köln,32,17 June 2020,Bundesliga - Germany,3047301
Borussia M'gladbach,Wolfsburg,32,16 June 2020,Bundesliga - Germany,3047302
Eintracht Frankfurt,Schalke 04,32,17 June 2020,Bundesliga - Germany,3047303
Werder Bremen,Bayern Munich,32,16 June 2020,Bundesliga - Germany,3047304
Freiburg,Hertha BSC,32,16 June 2020,Bundesliga - Germany,3047305
Augsburg,Hoffenheim,32,17 June 2020,Bundesliga - Germany,3047306
Union Berlin,Paderborn,32,16 June 2020,Bundesliga - Germany,3047307
Bayern Munich,Freiburg,33,20 June 2020,Bundesliga - Germany,3047308
RB Leipzig,Borussia Dortmund,33,20 June 2020,Bundesliga - Germany,3047309
Hoffenheim,Union Berlin,33,20 June 2020,Bundesliga - Germany,3047310
Fortuna Dusseldorf,Augsburg,33,20 June 2020,Bundesliga - Germany,3047311
Hertha BSC,Bayer Leverkusen,33,20 June 2020,Bundesliga - Germany,3047312
Mainz 05,Werder Bremen,33,20 June 2020,Bundesliga - Germany,3047313
Schalke 04,Wolfsburg,33,20 June 2020,Bundesliga - Germany,3047314
Köln,Eintracht Frankfurt,33,20 June 2020,Bundesliga - Germany,3047315
Paderborn,Borussia M'gladbach,33,20 June 2020,Bundesliga - Germany,3047316
Borussia Dortmund,Hoffenheim,34,27 June 2020,Bundesliga - Germany,3047317
Bayer Leverkusen,Mainz 05,34,27 June 2020,Bundesliga - Germany,3047318
Borussia M'gladbach,Hertha BSC,34,27 June 2020,Bundesliga - Germany,3047319
Wolfsburg,Bayern Munich,34,27 June 2020,Bundesliga - Germany,3047320
Eintracht Frankfurt,Paderborn,34,27 June 2020,Bundesliga - Germany,3047321
Werder Bremen,Köln,34,27 June 2020,Bundesliga - Germany,3047322
Freiburg,Schalke 04,34,27 June 2020,Bundesliga - Germany,3047323
Augsburg,RB Leipzig,34,27 June 2020,Bundesliga - Germany,3047324
Union Berlin,Fortuna Dusseldorf,34,27 June 2020,Bundesliga - Germany,3047325
Hannover 96,Dynamo Dresden,26,3 June 2020,2. Bundesliga - Germany,3047552
Dynamo Dresden,Greuther Fürth,27,9 June 2020,2. Bundesliga - Germany,3047566
Arminia Bielefeld,Dynamo Dresden,28,15 June 2020,2. Bundesliga - Germany,3047572
Stuttgart,Osnabrück,30,7 June 2020,2. Bundesliga - Germany,3047588
Hannover 96,Heidenheim,30,7 June 2020,2. Bundesliga - Germany,3047589
Hamburger SV,Holstein Kiel,30,8 June 2020,2. Bundesliga - Germany,3047590
Arminia Bielefeld,Nürnberg,30,6 June 2020,2. Bundesliga - Germany,3047591
Jahn Regensburg,Darmstadt 98,30,6 June 2020,2. Bundesliga - Germany,3047592
Bochum,St. Pauli,30,5 June 2020,2. Bundesliga - Germany,3047593
Greuther Fürth,Sandhausen,30,5 June 2020,2. Bundesliga - Germany,3047594
Erzgebirge Aue,Karlsruher SC,30,7 June 2020,2. Bundesliga - Germany,3047595
Wehen Wiesbaden,Dynamo Dresden,30,6 June 2020,2. Bundesliga - Germany,3047596
Nürnberg,Greuther Fürth,31,13 June 2020,2. Bundesliga - Germany,3047597
Heidenheim,Jahn Regensburg,31,13 June 2020,2. Bundesliga - Germany,3047598
Holstein Kiel,Wehen Wiesbaden,31,13 June 2020,2. Bundesliga - Germany,3047599
St. Pauli,Erzgebirge Aue,31,14 June 2020,2. Bundesliga - Germany,3047600
Darmstadt 98,Hannover 96,31,14 June 2020,2. Bundesliga - Germany,3047601
Dynamo Dresden,Hamburger SV,31,12 June 2020,2. Bundesliga - Germany,3047602
Sandhausen,Arminia Bielefeld,31,12 June 2020,2. Bundesliga - Germany,3047603
Osnabrück,Bochum,31,13 June 2020,2. Bundesliga - Germany,3047604
Karlsruher SC,Stuttgart,31,14 June 2020,2. Bundesliga - Germany,3047605
Stuttgart,Sandhausen,32,17 June 2020,2. Bundesliga - Germany,3047606
Hannover 96,St. Pauli,32,17 June 2020,2. Bundesliga - Germany,3047607
Hamburger SV,Osnabrück,32,16 June 2020,2. Bundesliga - Germany,3047608
Holstein Kiel,Dynamo Dresden,32,18 June 2020,2. Bundesliga - Germany,3047609
Arminia Bielefeld,Darmstadt 98,32,18 June 2020,2. Bundesliga - Germany,3047610
Jahn Regensburg,Karlsruher SC,32,17 June 2020,2. Bundesliga - Germany,3047611
Greuther Fürth,Heidenheim,32,16 June 2020,2. Bundesliga - Germany,3047612
Erzgebirge Aue,Bochum,32,17 June 2020,2. Bundesliga - Germany,3047613
Wehen Wiesbaden,Nürnberg,32,16 June 2020,2. Bundesliga - Germany,3047614
Nürnberg,Stuttgart,33,21 June 2020,2. Bundesliga - Germany,3047615
Heidenheim,Hamburger SV,33,21 June 2020,2. Bundesliga - Germany,3047616
St. Pauli,Jahn Regensburg,33,21 June 2020,2. Bundesliga - Germany,3047617
Darmstadt 98,Wehen Wiesbaden,33,21 June 2020,2. Bundesliga - Germany,3047618
Bochum,Greuther Fürth,33,21 June 2020,2. Bundesliga - Germany,3047619
Erzgebirge Aue,Hannover 96,33,21 June 2020,2. Bundesliga - Germany,3047620
Sandhausen,Dynamo Dresden,33,21 June 2020,2. Bundesliga - Germany,3047621
Osnabrück,Holstein Kiel,33,21 June 2020,2. Bundesliga - Germany,3047622
Karlsruher SC,Arminia Bielefeld,33,21 June 2020,2. Bundesliga - Germany,3047623
Stuttgart,Darmstadt 98,34,28 June 2020,2. Bundesliga - Germany,3047624
Hannover 96,Bochum,34,28 June 2020,2. Bundesliga - Germany,3047625
Hamburger SV,Sandhausen,34,28 June 2020,2. Bundesliga - Germany,3047626
Holstein Kiel,Nürnberg,34,28 June 2020,2. Bundesliga - Germany,3047627
Arminia Bielefeld,Heidenheim,34,28 June 2020,2. Bundesliga - Germany,3047628
Jahn Regensburg,Erzgebirge Aue,34,28 June 2020,2. Bundesliga - Germany,3047629
Dynamo Dresden,Osnabrück,34,28 June 2020,2. Bundesliga - Germany,3047630
Greuther Fürth,Karlsruher SC,34,28 June 2020,2. Bundesliga - Germany,3047631
Wehen Wiesbaden,St. Pauli,34,28 June 2020,2. Bundesliga - Germany,3047632
Viktoria Köln,Zwickau,29,2 June 2020,3. Liga - Germany,3053418
Hallescher FC,Eintracht Braunschweig,29,3 June 2020,3. Liga - Germany,3053419
Bayern München II,Preußen Münster,29,3 June 2020,3. Liga - Germany,3053420
Unterhaching,Ingolstadt,29,2 June 2020,3. Liga - Germany,3053421
Chemnitzer FC,Sonnenhof Großaspach,29,3 June 2020,3. Liga - Germany,3053422
MSV Duisburg,Carl Zeiss Jena,29,3 June 2020,3. Liga - Germany,3053423
Kaiserslautern,1860 München,29,3 June 2020,3. Liga - Germany,3053424
Würzburger Kickers,Magdeburg,29,2 June 2020,3. Liga - Germany,3053425
Uerdingen,Meppen,29,2 June 2020,3. Liga - Germany,3053426
Hansa Rostock,Waldhof Mannheim,29,2 June 2020,3. Liga - Germany,3053427
MSV Duisburg,Chemnitzer FC,30,6 June 2020,3. Liga - Germany,3053428
Magdeburg,Uerdingen,30,5 June 2020,3. Liga - Germany,3053429
1860 München,Würzburger Kickers,30,6 June 2020,3. Liga - Germany,3053430
Carl Zeiss Jena,Kaiserslautern,30,7 June 2020,3. Liga - Germany,3053431
Ingolstadt,Sonnenhof Großaspach,30,7 June 2020,3. Liga - Germany,3053432
Preußen Münster,Unterhaching,30,7 June 2020,3. Liga - Germany,3053433
Eintracht Braunschweig,Bayern München II,30,6 June 2020,3. Liga - Germany,3053434
Zwickau,Hallescher FC,30,6 June 2020,3. Liga - Germany,3053435
Waldhof Mannheim,Viktoria Köln,30,6 June 2020,3. Liga - Germany,3053436
Meppen,Hansa Rostock,30,6 June 2020,3. Liga - Germany,3053437
Bayern München II,Zwickau,31,9 June 2020,3. Liga - Germany,3053438
Unterhaching,Eintracht Braunschweig,31,10 June 2020,3. Liga - Germany,3053439
Sonnenhof Großaspach,Preußen Münster,31,10 June 2020,3. Liga - Germany,3053440
Chemnitzer FC,Ingolstadt,31,10 June 2020,3. Liga - Germany,3053441
Kaiserslautern,MSV Duisburg,31,10 June 2020,3. Liga - Germany,3053442
Würzburger Kickers,Carl Zeiss Jena,31,10 June 2020,3. Liga - Germany,3053443
Uerdingen,1860 München,31,9 June 2020,3. Liga - Germany,3053444
Hansa Rostock,Magdeburg,31,9 June 2020,3. Liga - Germany,3053445
Viktoria Köln,Meppen,31,9 June 2020,3. Liga - Germany,3053446
Hallescher FC,Waldhof Mannheim,31,9 June 2020,3. Liga - Germany,3053447
Kaiserslautern,Chemnitzer FC,32,13 June 2020,3. Liga - Germany,3053448
Carl Zeiss Jena,Uerdingen,32,14 June 2020,3. Liga - Germany,3053449
MSV Duisburg,Würzburger Kickers,32,13 June 2020,3. Liga - Germany,3053450
Preußen Münster,Ingolstadt,32,13 June 2020,3. Liga - Germany,3053451
Eintracht Braunschweig,Sonnenhof Großaspach,32,13 June 2020,3. Liga - Germany,3053452
Zwickau,Unterhaching,32,14 June 2020,3. Liga - Germany,3053453
Waldhof Mannheim,Bayern München II,32,14 June 2020,3. Liga - Germany,3053454
Meppen,Hallescher FC,32,12 June 2020,3. Liga - Germany,3053455
Magdeburg,Viktoria Köln,32,13 June 2020,3. Liga - Germany,3053456
1860 München,Hansa Rostock,32,13 June 2020,3. Liga - Germany,3053457
Sonnenhof Großaspach,Zwickau,33,17 June 2020,3. Liga - Germany,3053458
Ingolstadt,Eintracht Braunschweig,33,16 June 2020,3. Liga - Germany,3053459
Chemnitzer FC,Preußen Münster,33,16 June 2020,3. Liga - Germany,3053460
Würzburger Kickers,Kaiserslautern,33,16 June 2020,3. Liga - Germany,3053461
Uerdingen,MSV Duisburg,33,17 June 2020,3. Liga - Germany,3053462
Hansa Rostock,Carl Zeiss Jena,33,17 June 2020,3. Liga - Germany,3053463
Viktoria Köln,1860 München,33,16 June 2020,3. Liga - Germany,3053464
Hallescher FC,Magdeburg,33,16 June 2020,3. Liga - Germany,3053465
Bayern München II,Meppen,33,17 June 2020,3. Liga - Germany,3053466
Unterhaching,Waldhof Mannheim,33,17 June 2020,3. Liga - Germany,3053467
Würzburger Kickers,Chemnitzer FC,34,19 June 2020,3. Liga - Germany,3053468
Kaiserslautern,Uerdingen,34,20 June 2020,3. Liga - Germany,3053469
Eintracht Braunschweig,Preußen Münster,34,20 June 2020,3. Liga - Germany,3053470
Zwickau,Ingolstadt,34,21 June 2020,3. Liga - Germany,3053471
Waldhof Mannheim,Sonnenhof Großaspach,34,20 June 2020,3. Liga - Germany,3053472
Meppen,Unterhaching,34,21 June 2020,3. Liga - Germany,3053473
Magdeburg,Bayern München II,34,20 June 2020,3. Liga - Germany,3053474
1860 München,Hallescher FC,34,21 June 2020,3. Liga - Germany,3053475
Carl Zeiss Jena,Viktoria Köln,34,20 June 2020,3. Liga - Germany,3053476
MSV Duisburg,Hansa Rostock,34,20 June 2020,3. Liga - Germany,3053477
Portimonense,Gil Vicente,25,3 June 2020,Primeira Liga - Portugal,3064860
Rio Ave,Paços de Ferreira,25,7 June 2020,Primeira Liga - Portugal,3064861
Santa Clara,Sporting Braga,25,5 June 2020,Primeira Liga - Portugal,3064862
Famalicão,Porto,25,3 June 2020,Primeira Liga - Portugal,3064863
Boavista,Moreirense,25,6 June 2020,Primeira Liga - Portugal,3064866
Vitoria Guimaraes,Sporting CP,25,4 June 2020,Primeira Liga - Portugal,3064867
Marítimo,Vitória Setúbal,25,4 June 2020,Primeira Liga - Portugal,3064868
Porto,Marítimo,26,10 June 2020,Primeira Liga - Portugal,3064875
Belenenses,Vitoria Guimaraes,26,11 June 2020,Primeira Liga - Portugal,3064876
Marítimo,Gil Vicente,27,15 June 2020,Primeira Liga - Portugal,3064878
Rio Ave,Benfica,27,17 June 2020,Primeira Liga - Portugal,3064879
Paços de Ferreira,Belenenses,27,17 June 2020,Primeira Liga - Portugal,3064881
Boavista,Vitória Setúbal,27,18 June 2020,Primeira Liga - Portugal,3064883
Santa Clara,Portimonense,27,16 June 2020,Primeira Liga - Portugal,3064884
Moreirense,Famalicão,28,24 June 2020,Primeira Liga - Portugal,3064887
Porto,Boavista,28,23 June 2020,Primeira Liga - Portugal,3064889
Belenenses,Sporting CP,28,26 June 2020,Primeira Liga - Portugal,3064893
Sporting Braga,Vitoria Guimaraes,28,25 June 2020,Primeira Liga - Portugal,3064895
Marítimo,Benfica,29,29 June 2020,Primeira Liga - Portugal,3064897
Famalicão,Portimonense,29,30 June 2020,Primeira Liga - Portugal,3064899
Paços de Ferreira,Porto,29,29 June 2020,Primeira Liga - Portugal,3064900
Desportivo Aves,Moreirense,29,29 June 2020,Primeira Liga - Portugal,3064901
Belenenses,Tondela,29,1 July 2020,Primeira Liga - Portugal,3064902
Vitoria Guimaraes,Vitória Setúbal,29,30 June 2020,Primeira Liga - Portugal,3064904
Tondela,Famalicão,30,5 July 2020,Primeira Liga - Portugal,3064905
Vitória Setúbal,Paços de Ferreira,30,4 July 2020,Primeira Liga - Portugal,3064906
Porto,Belenenses,30,5 July 2020,Primeira Liga - Portugal,3064908
Portimonense,Vitoria Guimaraes,30,4 July 2020,Primeira Liga - Portugal,3064909
Benfica,Boavista,30,4 July 2020,Primeira Liga - Portugal,3064911
Vitoria Guimaraes,Gil Vicente,31,10 July 2020,Primeira Liga - Portugal,3064914
Sporting CP,Santa Clara,31,10 July 2020,Primeira Liga - Portugal,3064915
Famalicão,Benfica,31,9 July 2020,Primeira Liga - Portugal,3064918
Paços de Ferreira,Sporting Braga,31,10 July 2020,Primeira Liga - Portugal,3064919
Moreirense,Paços de Ferreira,32,15 July 2020,Primeira Liga - Portugal,3064924
Santa Clara,Desportivo Aves,32,14 July 2020,Primeira Liga - Portugal,3064925
Sporting Braga,Belenenses,32,15 July 2020,Primeira Liga - Portugal,3064926
Gil Vicente,Tondela,32,14 July 2020,Primeira Liga - Portugal,3064928
Benfica,Vitoria Guimaraes,32,14 July 2020,Primeira Liga - Portugal,3064929
Marítimo,Rio Ave,32,13 July 2020,Primeira Liga - Portugal,3064930
Belenenses,Gil Vicente,33,19 July 2020,Primeira Liga - Portugal,3064932
Rio Ave,Santa Clara,33,18 July 2020,Primeira Liga - Portugal,3064934
Porto,Moreirense,33,20 July 2020,Primeira Liga - Portugal,3064935
Sporting CP,Vitória Setúbal,33,21 July 2020,Primeira Liga - Portugal,3064936
Famalicão,Boavista,33,18 July 2020,Primeira Liga - Portugal,3064937
Paços de Ferreira,Portimonense,33,20 July 2020,Primeira Liga - Portugal,3064938
Vitoria Guimaraes,Marítimo,33,19 July 2020,Primeira Liga - Portugal,3064940
Ried,Lafnitz,20,5 June 2020,2. Liga - Austria,3040524
Juniors OÖ,Wacker Innsbruck,20,6 June 2020,2. Liga - Austria,3040525
Austria Klagenfurt,Kapfenberger SV,20,7 June 2020,2. Liga - Austria,3040526
Floridsdorfer AC,Vorwärts Steyr,20,5 June 2020,2. Liga - Austria,3040527
Austria Wien II,Blau-Weiß Linz,20,5 June 2020,2. Liga - Austria,3040528
Horn,Liefering,20,5 June 2020,2. Liga - Austria,3040529
Dornbirn,Amstetten,20,5 June 2020,2. Liga - Austria,3040530
Grazer AK,Austria Lustenau,20,6 June 2020,2. Liga - Austria,3040531
Austria Lustenau,Juniors OÖ,21,10 June 2020,2. Liga - Austria,3040532
Kapfenberger SV,Dornbirn,21,10 June 2020,2. Liga - Austria,3040533
Blau-Weiß Linz,Austria Klagenfurt,21,11 June 2020,2. Liga - Austria,3040534
Amstetten,Wacker Innsbruck,21,10 June 2020,2. Liga - Austria,3040535
Liefering,Floridsdorfer AC,21,11 June 2020,2. Liga - Austria,3040536
Lafnitz,Austria Wien II,21,10 June 2020,2. Liga - Austria,3040537
Vorwärts Steyr,Horn,21,10 June 2020,2. Liga - Austria,3040538
Grazer AK,Ried,21,10 June 2020,2. Liga - Austria,3040539
Wacker Innsbruck,Blau-Weiß Linz,22,14 June 2020,2. Liga - Austria,3040540
Ried,Kapfenberger SV,22,14 June 2020,2. Liga - Austria,3040541
Juniors OÖ,Grazer AK,22,13 June 2020,2. Liga - Austria,3040542
Austria Klagenfurt,Lafnitz,22,14 June 2020,2. Liga - Austria,3040543
Floridsdorfer AC,Austria Lustenau,22,14 June 2020,2. Liga - Austria,3040544
Horn,Amstetten,22,13 June 2020,2. Liga - Austria,3040546
Ried,Austria Wien II,23,19 June 2020,2. Liga - Austria,3040548
Austria Lustenau,Austria Klagenfurt,23,19 June 2020,2. Liga - Austria,3040549
Kapfenberger SV,Horn,23,19 June 2020,2. Liga - Austria,3040550
Blau-Weiß Linz,Juniors OÖ,23,20 June 2020,2. Liga - Austria,3040551
Liefering,Dornbirn,23,19 June 2020,2. Liga - Austria,3040552
Lafnitz,Floridsdorfer AC,23,19 June 2020,2. Liga - Austria,3040553
Vorwärts Steyr,Amstetten,23,21 June 2020,2. Liga - Austria,3040554
Grazer AK,Wacker Innsbruck,23,19 June 2020,2. Liga - Austria,3040555
Wacker Innsbruck,Liefering,24,24 June 2020,2. Liga - Austria,3040556
Blau-Weiß Linz,Austria Lustenau,24,23 June 2020,2. Liga - Austria,3040557
Juniors OÖ,Ried,24,23 June 2020,2. Liga - Austria,3040558
Austria Klagenfurt,Grazer AK,24,23 June 2020,2. Liga - Austria,3040559
Amstetten,Kapfenberger SV,24,24 June 2020,2. Liga - Austria,3040560
Austria Wien II,Vorwärts Steyr,24,24 June 2020,2. Liga - Austria,3040561
Horn,Lafnitz,24,23 June 2020,2. Liga - Austria,3040562
Dornbirn,Floridsdorfer AC,24,23 June 2020,2. Liga - Austria,3040563
Ried,Blau-Weiß Linz,25,26 June 2020,2. Liga - Austria,3040564
Austria Lustenau,Horn,25,26 June 2020,2. Liga - Austria,3040565
Juniors OÖ,Amstetten,25,27 June 2020,2. Liga - Austria,3040566
Floridsdorfer AC,Austria Wien II,25,27 June 2020,2. Liga - Austria,3040567
Liefering,Kapfenberger SV,25,27 June 2020,2. Liga - Austria,3040568
Lafnitz,Wacker Innsbruck,25,27 June 2020,2. Liga - Austria,3040569
Vorwärts Steyr,Austria Klagenfurt,25,28 June 2020,2. Liga - Austria,3040570
Midtjylland,Horsens,25,1 June 2020,Superliga - Denmark,3027048
Brøndby,SønderjyskE,25,2 June 2020,Superliga - Denmark,3027049
Copenhagen,Randers,26,7 June 2020,Superliga - Denmark,3027055
SønderjyskE,Silkeborg,26,7 June 2020,Superliga - Denmark,3027056
AaB,AGF,26,7 June 2020,Superliga - Denmark,3027057
OB,Esbjerg,26,7 June 2020,Superliga - Denmark,3027058
Horsens,Brøndby,26,7 June 2020,Superliga - Denmark,3027059
Nordsjælland,Midtjylland,26,7 June 2020,Superliga - Denmark,3027060
Hobro,Lyngby,26,7 June 2020,Superliga - Denmark,3027061
Fredericia,Vejle,22,5 June 2020,1st Division - Denmark,3034258
Hvidovre,Nykøbing,22,6 June 2020,1st Division - Denmark,3034259
Roskilde,Fremad Amager,22,6 June 2020,1st Division - Denmark,3034260
Kolding IF,Viborg,22,5 June 2020,1st Division - Denmark,3034261
Næstved,HB Køge,22,7 June 2020,1st Division - Denmark,3034262
Skive,Vendsyssel,22,5 June 2020,1st Division - Denmark,3034263
Fremad Amager,Næstved,23,10 June 2020,1st Division - Denmark,3034264
Viborg,Roskilde,23,11 June 2020,1st Division - Denmark,3034265
Nykøbing,Kolding IF,23,9 June 2020,1st Division - Denmark,3034266
HB Køge,Fredericia,23,10 June 2020,1st Division - Denmark,3034267
Vendsyssel,Hvidovre,23,9 June 2020,1st Division - Denmark,3034268
Vejle,Skive,23,9 June 2020,1st Division - Denmark,3034269
Hvidovre,Viborg,24,14 June 2020,1st Division - Denmark,3034270
Næstved,Vendsyssel,24,13 June 2020,1st Division - Denmark,3034271
Kolding IF,Vejle,24,13 June 2020,1st Division - Denmark,3034272
Fredericia,Fremad Amager,24,13 June 2020,1st Division - Denmark,3034273
Roskilde,HB Køge,24,14 June 2020,1st Division - Denmark,3034274
Skive,Nykøbing,24,12 June 2020,1st Division - Denmark,3034275
Opava,Bohemians 1905,27,3 June 2020,Czech Liga - Czech-republic,3036994
Sparta Praha,Teplice,27,3 June 2020,Czech Liga - Czech-republic,3036995
Slovácko,Karviná,27,3 June 2020,Czech Liga - Czech-republic,3036996
Jablonec,Slovan Liberec,27,2 June 2020,Czech Liga - Czech-republic,3036997
České Budějovice,Sigma Olomouc,27,3 June 2020,Czech Liga - Czech-republic,3036998
Příbram,Slavia Praha,27,2 June 2020,Czech Liga - Czech-republic,3036999
Mladá Boleslav,Zlín,27,2 June 2020,Czech Liga - Czech-republic,3037000
Baník Ostrava,Viktoria Plzen,27,3 June 2020,Czech Liga - Czech-republic,3037001
Bohemians 1905,Sparta Praha,28,6 June 2020,Czech Liga - Czech-republic,3037002
Opava,Slovácko,28,7 June 2020,Czech Liga - Czech-republic,3037003
Slavia Praha,Viktoria Plzen,28,7 June 2020,Czech Liga - Czech-republic,3037004
Sigma Olomouc,Baník Ostrava,28,7 June 2020,Czech Liga - Czech-republic,3037005
Slovan Liberec,Mladá Boleslav,28,6 June 2020,Czech Liga - Czech-republic,3037006
Zlín,Příbram,28,6 June 2020,Czech Liga - Czech-republic,3037007
Teplice,Jablonec,28,7 June 2020,Czech Liga - Czech-republic,3037008
Karviná,České Budějovice,28,7 June 2020,Czech Liga - Czech-republic,3037009
Sparta Praha,Opava,29,10 June 2020,Czech Liga - Czech-republic,3037010
Slovácko,Bohemians 1905,29,10 June 2020,Czech Liga - Czech-republic,3037011
České Budějovice,Teplice,29,10 June 2020,Czech Liga - Czech-republic,3037012
Jablonec,Karviná,29,10 June 2020,Czech Liga - Czech-republic,3037013
Příbram,Slovan Liberec,29,10 June 2020,Czech Liga - Czech-republic,3037014
Mladá Boleslav,Sigma Olomouc,29,10 June 2020,Czech Liga - Czech-republic,3037015
Baník Ostrava,Slavia Praha,29,10 June 2020,Czech Liga - Czech-republic,3037016
Viktoria Plzen,Zlín,29,10 June 2020,Czech Liga - Czech-republic,3037017
Slovácko,Sparta Praha,30,14 June 2020,Czech Liga - Czech-republic,3037018
Slavia Praha,Zlín,30,14 June 2020,Czech Liga - Czech-republic,3037019
Sigma Olomouc,Viktoria Plzen,30,14 June 2020,Czech Liga - Czech-republic,3037020
Slovan Liberec,Baník Ostrava,30,14 June 2020,Czech Liga - Czech-republic,3037021
Karviná,Mladá Boleslav,30,14 June 2020,Czech Liga - Czech-republic,3037022
Teplice,Příbram,30,14 June 2020,Czech Liga - Czech-republic,3037023
Bohemians 1905,Jablonec,30,14 June 2020,Czech Liga - Czech-republic,3037024
Opava,České Budějovice,30,14 June 2020,Czech Liga - Czech-republic,3037025
Líšeň,Vysočina Jihlava,20,2 June 2020,FNL - Czech-republic,3039396
Ústí nad Labem,Vlašim,20,3 June 2020,FNL - Czech-republic,3039397
Varnsdorf,Viktoria Žižkov,20,2 June 2020,FNL - Czech-republic,3039398
Vítkovice,Zbrojovka Brno,20,4 June 2020,FNL - Czech-republic,3039399
Baník Sokolov,Pardubice,20,3 June 2020,FNL - Czech-republic,3039400
Dukla Praha,Slavoj Vyšehrad,20,4 June 2020,FNL - Czech-republic,3039401
Chrudim,Hradec Králové,20,2 June 2020,FNL - Czech-republic,3039402
Třinec,Prostějov,20,2 June 2020,FNL - Czech-republic,3039403
Viktoria Žižkov,Líšeň,21,6 June 2020,FNL - Czech-republic,3039404
Prostějov,Baník Sokolov,21,6 June 2020,FNL - Czech-republic,3039405
Pardubice,Vítkovice,21,7 June 2020,FNL - Czech-republic,3039406
Vlašim,Dukla Praha,21,7 June 2020,FNL - Czech-republic,3039407
Slavoj Vyšehrad,Chrudim,21,7 June 2020,FNL - Czech-republic,3039408
Ústí nad Labem,Varnsdorf,21,6 June 2020,FNL - Czech-republic,3039409
Vysočina Jihlava,Hradec Králové,21,8 June 2020,FNL - Czech-republic,3039410
Zbrojovka Brno,Třinec,21,7 June 2020,FNL - Czech-republic,3039411
Líšeň,Zbrojovka Brno,22,11 June 2020,FNL - Czech-republic,3039412
Vítkovice,Vlašim,22,11 June 2020,FNL - Czech-republic,3039413
Varnsdorf,Prostějov,22,9 June 2020,FNL - Czech-republic,3039414
Baník Sokolov,Ústí nad Labem,22,9 June 2020,FNL - Czech-republic,3039415
Dukla Praha,Pardubice,22,10 June 2020,FNL - Czech-republic,3039416
Chrudim,Vysočina Jihlava,22,11 June 2020,FNL - Czech-republic,3039417
Hradec Králové,Viktoria Žižkov,22,11 June 2020,FNL - Czech-republic,3039418
Třinec,Slavoj Vyšehrad,22,10 June 2020,FNL - Czech-republic,3039419
Viktoria Žižkov,Třinec,23,15 June 2020,FNL - Czech-republic,3039420
Prostějov,Líšeň,23,14 June 2020,FNL - Czech-republic,3039421
Pardubice,Varnsdorf,23,13 June 2020,FNL - Czech-republic,3039422
Vlašim,Chrudim,23,14 June 2020,FNL - Czech-republic,3039423
Baník Sokolov,Vítkovice,23,14 June 2020,FNL - Czech-republic,3039424
Slavoj Vyšehrad,Hradec Králové,23,15 June 2020,FNL - Czech-republic,3039425
Ústí nad Labem,Dukla Praha,23,13 June 2020,FNL - Czech-republic,3039427
Vysočina Jihlava,Viktoria Žižkov,24,18 June 2020,FNL - Czech-republic,3039428
Líšeň,Pardubice,24,17 June 2020,FNL - Czech-republic,3039429
Varnsdorf,Slavoj Vyšehrad,24,18 June 2020,FNL - Czech-republic,3039430
Vítkovice,Ústí nad Labem,24,17 June 2020,FNL - Czech-republic,3039431
Dukla Praha,Baník Sokolov,24,18 June 2020,FNL - Czech-republic,3039432
Chrudim,Prostějov,24,17 June 2020,FNL - Czech-republic,3039433
Hradec Králové,Zbrojovka Brno,24,18 June 2020,FNL - Czech-republic,3039434
Třinec,Vlašim,24,18 June 2020,FNL - Czech-republic,3039435
Prostějov,Dukla Praha,25,21 June 2020,FNL - Czech-republic,3039436
Pardubice,Hradec Králové,25,22 June 2020,FNL - Czech-republic,3039437
Vlašim,Varnsdorf,25,21 June 2020,FNL - Czech-republic,3039438
Zbrojovka Brno,Chrudim,25,21 June 2020,FNL - Czech-republic,3039439
Slavoj Vyšehrad,Viktoria Žižkov,25,21 June 2020,FNL - Czech-republic,3039440
Baník Sokolov,Vysočina Jihlava,25,21 June 2020,FNL - Czech-republic,3039441
Vítkovice,Třinec,25,21 June 2020,FNL - Czech-republic,3039442
Ústí nad Labem,Líšeň,25,20 June 2020,FNL - Czech-republic,3039443
Hajduk Split,Inter Zaprešić,27,5 June 2020,1. HNL - Croatia,3029942
Istra 1961,Rijeka,27,7 June 2020,1. HNL - Croatia,3029943
Varaždin,Dinamo Zagreb,27,6 June 2020,1. HNL - Croatia,3029944
Lokomotiva Zagreb,Osijek,27,7 June 2020,1. HNL - Croatia,3029945
Slaven Koprivnica,HNK Gorica,27,6 June 2020,1. HNL - Croatia,3029946
Inter Zaprešić,HNK Gorica,28,11 June 2020,1. HNL - Croatia,3029947
Slaven Koprivnica,Osijek,28,13 June 2020,1. HNL - Croatia,3029948
Lokomotiva Zagreb,Dinamo Zagreb,28,12 June 2020,1. HNL - Croatia,3029949
Varaždin,Rijeka,28,12 June 2020,1. HNL - Croatia,3029950
Istra 1961,Hajduk Split,28,11 June 2020,1. HNL - Croatia,3029951
Istra 1961,Inter Zaprešić,29,16 June 2020,1. HNL - Croatia,3029952
Hajduk Split,Varaždin,29,16 June 2020,1. HNL - Croatia,3029953
Rijeka,Lokomotiva Zagreb,29,16 June 2020,1. HNL - Croatia,3029954
Dinamo Zagreb,Slaven Koprivnica,29,17 June 2020,1. HNL - Croatia,3029955
Osijek,HNK Gorica,29,17 June 2020,1. HNL - Croatia,3029956
Inter Zaprešić,Osijek,30,20 June 2020,1. HNL - Croatia,3029957
HNK Gorica,Dinamo Zagreb,30,20 June 2020,1. HNL - Croatia,3029958
Slaven Koprivnica,Rijeka,30,21 June 2020,1. HNL - Croatia,3029959
Lokomotiva Zagreb,Hajduk Split,30,21 June 2020,1. HNL - Croatia,3029960
Varaždin,Istra 1961,30,20 June 2020,1. HNL - Croatia,3029961
Varaždin,Inter Zaprešić,31,25 June 2020,1. HNL - Croatia,3029962
Istra 1961,Lokomotiva Zagreb,31,25 June 2020,1. HNL - Croatia,3029963
Hajduk Split,Slaven Koprivnica,31,26 June 2020,1. HNL - Croatia,3029964
Rijeka,HNK Gorica,31,26 June 2020,1. HNL - Croatia,3029965
Dinamo Zagreb,Osijek,31,27 June 2020,1. HNL - Croatia,3029966
Inter Zaprešić,Dinamo Zagreb,32,1 July 2020,1. HNL - Croatia,3029967
Osijek,Rijeka,32,1 July 2020,1. HNL - Croatia,3029968
HNK Gorica,Hajduk Split,32,30 June 2020,1. HNL - Croatia,3029969
Slaven Koprivnica,Istra 1961,32,30 June 2020,1. HNL - Croatia,3029970
Lokomotiva Zagreb,Varaždin,32,30 June 2020,1. HNL - Croatia,3029971
Lokomotiva Zagreb,Inter Zaprešić,33,4 July 2020,1. HNL - Croatia,3029972
Varaždin,Slaven Koprivnica,33,4 July 2020,1. HNL - Croatia,3029973
Istra 1961,HNK Gorica,33,4 July 2020,1. HNL - Croatia,3029974
Hajduk Split,Osijek,33,5 July 2020,1. HNL - Croatia,3029975
Rijeka,Dinamo Zagreb,33,5 July 2020,1. HNL - Croatia,3029976
Inter Zaprešić,Rijeka,34,11 July 2020,1. HNL - Croatia,3029977
Dinamo Zagreb,Hajduk Split,34,12 July 2020,1. HNL - Croatia,3029978
Osijek,Istra 1961,34,11 July 2020,1. HNL - Croatia,3029979
HNK Gorica,Varaždin,34,10 July 2020,1. HNL - Croatia,3029980
Slaven Koprivnica,Lokomotiva Zagreb,34,12 July 2020,1. HNL - Croatia,3029981
Slaven Koprivnica,Inter Zaprešić,35,17 July 2020,1. HNL - Croatia,3029982
Lokomotiva Zagreb,HNK Gorica,35,19 July 2020,1. HNL - Croatia,3029983
Varaždin,Osijek,35,18 July 2020,1. HNL - Croatia,3029984
Istra 1961,Dinamo Zagreb,35,18 July 2020,1. HNL - Croatia,3029985
Hajduk Split,Rijeka,35,19 July 2020,1. HNL - Croatia,3029986
Inter Zaprešić,Hajduk Split,36,25 July 2020,1. HNL - Croatia,3029987
Rijeka,Istra 1961,36,25 July 2020,1. HNL - Croatia,3029988
Dinamo Zagreb,Varaždin,36,25 July 2020,1. HNL - Croatia,3029989
Osijek,Lokomotiva Zagreb,36,25 July 2020,1. HNL - Croatia,3029990
HNK Gorica,Slaven Koprivnica,36,25 July 2020,1. HNL - Croatia,3029991
Arka Gdynia,Śląsk Wrocław,28,7 June 2020,Ekstraklasa - Poland,3025916
Górnik Zabrze,Lechia Gdańsk,28,5 June 2020,Ekstraklasa - Poland,3025917
Jagiellonia Białystok,Wisła Płock,28,6 June 2020,Ekstraklasa - Poland,3025918
Korona Kielce,Piast Gliwice,28,5 June 2020,Ekstraklasa - Poland,3025919
Pogoń Szczecin,Cracovia Kraków,28,6 June 2020,Ekstraklasa - Poland,3025920
Raków Częstochowa,ŁKS Łódź,28,7 June 2020,Ekstraklasa - Poland,3025921
Wisła Kraków,Legia Warszawa,28,7 June 2020,Ekstraklasa - Poland,3025922
Zagłębie Lubin,Lech Poznań,28,6 June 2020,Ekstraklasa - Poland,3025923
Lech Poznań,Pogoń Szczecin,29,9 June 2020,Ekstraklasa - Poland,3025924
Lechia Gdańsk,Cracovia Kraków,29,9 June 2020,Ekstraklasa - Poland,3025925
Legia Warszawa,Arka Gdynia,29,10 June 2020,Ekstraklasa - Poland,3025926
ŁKS Łódź,Jagiellonia Białystok,29,10 June 2020,Ekstraklasa - Poland,3025927
Piast Gliwice,Górnik Zabrze,29,9 June 2020,Ekstraklasa - Poland,3025928
Wisła Kraków,Raków Częstochowa,29,10 June 2020,Ekstraklasa - Poland,3025929
Wisła Płock,Śląsk Wrocław,29,10 June 2020,Ekstraklasa - Poland,3025930
Zagłębie Lubin,Korona Kielce,29,9 June 2020,Ekstraklasa - Poland,3025931
Arka Gdynia,Wisła Kraków,30,14 June 2020,Ekstraklasa - Poland,3025932
Cracovia Kraków,Wisła Płock,30,14 June 2020,Ekstraklasa - Poland,3025933
Górnik Zabrze,Legia Warszawa,30,14 June 2020,Ekstraklasa - Poland,3025934
Jagiellonia Białystok,Piast Gliwice,30,14 June 2020,Ekstraklasa - Poland,3025935
Korona Kielce,Lech Poznań,30,14 June 2020,Ekstraklasa - Poland,3025936
Pogoń Szczecin,Lechia Gdańsk,30,14 June 2020,Ekstraklasa - Poland,3025937
Raków Częstochowa,Zagłębie Lubin,30,14 June 2020,Ekstraklasa - Poland,3025938
Śląsk Wrocław,ŁKS Łódź,30,14 June 2020,Ekstraklasa - Poland,3025939
Puszcza Niepołomice,Chojniczanka Chojnice,23,2 June 2020,I Liga - Poland,3034580
Stomil Olsztyn,Chrobry Głogów,23,2 June 2020,I Liga - Poland,3034578
Bełchatów,Sandecja Nowy Sącz,23,2 June 2020,I Liga - Poland,3034577
Nieciecza,Wigry Suwałki,23,2 June 2020,I Liga - Poland,3034582
Miedź Legnica,Stal Mielec,23,2 June 2020,I Liga - Poland,3034581
Jastrzębie,Warta Poznań,23,3 June 2020,I Liga - Poland,3034575
Olimpia Grudziądz,Podbeskidzie,23,3 June 2020,I Liga - Poland,3034583
Radomiak Radom,Odra Opole,23,4 June 2020,I Liga - Poland,3034576
Tychy 71,Zagłębie Sosnowiec,23,4 June 2020,I Liga - Poland,3034579
Wigry Suwałki,Miedź Legnica,24,5 June 2020,I Liga - Poland,3034586
Stal Mielec,Puszcza Niepołomice,24,5 June 2020,I Liga - Poland,3034587
Chrobry Głogów,Bełchatów,24,5 June 2020,I Liga - Poland,3034590
Podbeskidzie,Nieciecza,24,6 June 2020,I Liga - Poland,3034585
Warta Poznań,Olimpia Grudziądz,24,6 June 2020,I Liga - Poland,3034584
Zagłębie Sosnowiec,Stomil Olsztyn,24,7 June 2020,I Liga - Poland,3034589
Tychy 71,Chojniczanka Chojnice,24,7 June 2020,I Liga - Poland,3034435
Sandecja Nowy Sącz,Radomiak Radom,24,7 June 2020,I Liga - Poland,3034591
Odra Opole,Jastrzębie,24,7 June 2020,I Liga - Poland,3034592
Puszcza Niepołomice,Wigry Suwałki,25,12 June 2020,I Liga - Poland,3034599
Jastrzębie,Sandecja Nowy Sącz,25,12 June 2020,I Liga - Poland,3034594
Miedź Legnica,Podbeskidzie,25,12 June 2020,I Liga - Poland,3034600
Radomiak Radom,Chrobry Głogów,25,13 June 2020,I Liga - Poland,3034595
Odra Opole,Warta Poznań,25,13 June 2020,I Liga - Poland,3034593
Stomil Olsztyn,Chojniczanka Chojnice,25,13 June 2020,I Liga - Poland,3034597
Bełchatów,Zagłębie Sosnowiec,25,13 June 2020,I Liga - Poland,3034596
Tychy 71,Stal Mielec,25,14 June 2020,I Liga - Poland,3034598
Nieciecza,Olimpia Grudziądz,25,14 June 2020,I Liga - Poland,3034601
Chrobry Głogów,Jastrzębie,26,16 June 2020,I Liga - Poland,3034609
Podbeskidzie,Puszcza Niepołomice,26,16 June 2020,I Liga - Poland,3034604
Sandecja Nowy Sącz,Odra Opole,26,16 June 2020,I Liga - Poland,3034610
Zagłębie Sosnowiec,Radomiak Radom,26,17 June 2020,I Liga - Poland,3034608
Bełchatów,Chojniczanka Chojnice,26,17 June 2020,I Liga - Poland,3034454
Warta Poznań,Nieciecza,26,17 June 2020,I Liga - Poland,3034602
Olimpia Grudziądz,Miedź Legnica,26,17 June 2020,I Liga - Poland,3034603
Stal Mielec,Stomil Olsztyn,26,18 June 2020,I Liga - Poland,3034606
Wigry Suwałki,Tychy 71,26,18 June 2020,I Liga - Poland,3034605
Odra Opole,Chrobry Głogów,27,19 June 2020,I Liga - Poland,3034612
Miedź Legnica,Nieciecza,27,20 June 2020,I Liga - Poland,3034619
Radomiak Radom,Chojniczanka Chojnice,27,20 June 2020,I Liga - Poland,3034614
Puszcza Niepołomice,Olimpia Grudziądz,27,20 June 2020,I Liga - Poland,3034618
Jastrzębie,Zagłębie Sosnowiec,27,20 June 2020,I Liga - Poland,3034613
Tychy 71,Podbeskidzie,27,21 June 2020,I Liga - Poland,3034617
Warta Poznań,Sandecja Nowy Sącz,27,21 June 2020,I Liga - Poland,3034611
Bełchatów,Stal Mielec,27,21 June 2020,I Liga - Poland,3034615
Stomil Olsztyn,Wigry Suwałki,27,21 June 2020,I Liga - Poland,3034616
Aluminij,Mura,26,5 June 2020,1. SNL - Slovenia,3039609
Tabor Sežana,Olimpija,26,6 June 2020,1. SNL - Slovenia,3039610
Celje,Rudar,26,5 June 2020,1. SNL - Slovenia,3039611
Bravo,Triglav,26,7 June 2020,1. SNL - Slovenia,3039612
Domžale,Maribor,26,7 June 2020,1. SNL - Slovenia,3039613
Maribor,Aluminij,27,14 June 2020,1. SNL - Slovenia,3039614
Triglav,Domžale,27,12 June 2020,1. SNL - Slovenia,3039615
Rudar,Bravo,27,12 June 2020,1. SNL - Slovenia,3039616
Olimpija,Celje,27,13 June 2020,1. SNL - Slovenia,3039617
Mura,Tabor Sežana,27,13 June 2020,1. SNL - Slovenia,3039618
Újpest,Kaposvári Rákóczi,33,27 June 2020,NB I - Hungary,3050661
Ferencvaros,Diósgyőr,27,7 June 2020,NB I - Hungary,3050688
Mezőkövesd-Zsóry,Paksi SE,27,6 June 2020,NB I - Hungary,3050689
Fehérvár,Kisvárda,27,6 June 2020,NB I - Hungary,3050690
Újpest,Honvéd,27,6 June 2020,NB I - Hungary,3050691
Zalaegerszegi TE,Puskás,27,7 June 2020,NB I - Hungary,3050692
Debrecen,Kaposvári Rákóczi,27,5 June 2020,NB I - Hungary,3050693
Újpest,Debrecen,28,9 June 2020,NB I - Hungary,3050694
Honvéd,Fehérvár,28,9 June 2020,NB I - Hungary,3050695
Kisvárda,Mezőkövesd-Zsóry,28,9 June 2020,NB I - Hungary,3050696
Paksi SE,Ferencvaros,28,10 June 2020,NB I - Hungary,3050697
Diósgyőr,Zalaegerszegi TE,28,10 June 2020,NB I - Hungary,3050698
Puskás,Kaposvári Rákóczi,28,10 June 2020,NB I - Hungary,3050699
Ferencvaros,Kisvárda,29,13 June 2020,NB I - Hungary,3050700
Mezőkövesd-Zsóry,Honvéd,29,12 June 2020,NB I - Hungary,3050701
Fehérvár,Újpest,29,14 June 2020,NB I - Hungary,3050702
Kaposvári Rákóczi,Diósgyőr,29,14 June 2020,NB I - Hungary,3050703
Zalaegerszegi TE,Paksi SE,29,13 June 2020,NB I - Hungary,3050704
Debrecen,Puskás,29,13 June 2020,NB I - Hungary,3050705
Fehérvár,Debrecen,30,17 June 2020,NB I - Hungary,3050706
Újpest,Mezőkövesd-Zsóry,30,17 June 2020,NB I - Hungary,3050707
Honvéd,Ferencvaros,30,16 June 2020,NB I - Hungary,3050708
Kisvárda,Zalaegerszegi TE,30,16 June 2020,NB I - Hungary,3050709
Paksi SE,Kaposvári Rákóczi,30,17 June 2020,NB I - Hungary,3050710
Diósgyőr,Puskás,30,17 June 2020,NB I - Hungary,3050711
Ferencvaros,Újpest,31,20 June 2020,NB I - Hungary,3050712
Mezőkövesd-Zsóry,Fehérvár,31,20 June 2020,NB I - Hungary,3050713
Puskás,Paksi SE,31,20 June 2020,NB I - Hungary,3050714
Kaposvári Rákóczi,Kisvárda,31,21 June 2020,NB I - Hungary,3050715
Zalaegerszegi TE,Honvéd,31,19 June 2020,NB I - Hungary,3050716
Debrecen,Diósgyőr,31,21 June 2020,NB I - Hungary,3050717
Mezőkövesd-Zsóry,Debrecen,32,24 June 2020,NB I - Hungary,3050718
Fehérvár,Ferencvaros,32,24 June 2020,NB I - Hungary,3050719
Újpest,Zalaegerszegi TE,32,24 June 2020,NB I - Hungary,3050720
Honvéd,Kaposvári Rákóczi,32,24 June 2020,NB I - Hungary,3050721
Kisvárda,Puskás,32,24 June 2020,NB I - Hungary,3050722
Paksi SE,Diósgyőr,32,24 June 2020,NB I - Hungary,3050723
Ferencvaros,Mezőkövesd-Zsóry,33,27 June 2020,NB I - Hungary,3050724
Diósgyőr,Kisvárda,33,27 June 2020,NB I - Hungary,3050725
Puskás,Honvéd,33,27 June 2020,NB I - Hungary,3050726
Zalaegerszegi TE,Fehérvár,33,27 June 2020,NB I - Hungary,3050728
Debrecen,Paksi SE,33,27 June 2020,NB I - Hungary,3050729
Minsk,Isloch,13,12 June 2020,Premier League - Belarus,3269899
Gorodeya,Slutsk,13,12 June 2020,Premier League - Belarus,3269900
Neman Grodno,Smolevichy-STI,13,13 June 2020,Premier League - Belarus,3269901
Torpedo BelAZ,Dinamo Brest,13,13 June 2020,Premier League - Belarus,3269902
Dinamo Minsk,Slavia,13,13 June 2020,Premier League - Belarus,3269903
Energetyk-BGU,Belshina,13,14 June 2020,Premier League - Belarus,3269904
Ruh Brest,Vitebsk,13,14 June 2020,Premier League - Belarus,3269905
BATE,Shakhtyor,13,14 June 2020,Premier League - Belarus,3269906
Slavia,Smolevichy-STI,14,19 June 2020,Premier League - Belarus,3269907
Slutsk,Neman Grodno,14,19 June 2020,Premier League - Belarus,3269908
Isloch,Torpedo BelAZ,14,20 June 2020,Premier League - Belarus,3269909
Dinamo Brest,Gorodeya,14,20 June 2020,Premier League - Belarus,3269910
Dinamo Minsk,Energetyk-BGU,14,20 June 2020,Premier League - Belarus,3269911
Belshina,BATE,14,21 June 2020,Premier League - Belarus,3269912
Vitebsk,Minsk,14,21 June 2020,Premier League - Belarus,3269913
Shakhtyor,Ruh Brest,14,21 June 2020,Premier League - Belarus,3269914
Energetyk-BGU,Slavia,15,26 June 2020,Premier League - Belarus,3269915
Smolevichy-STI,Slutsk,15,26 June 2020,Premier League - Belarus,3269916
Minsk,Shakhtyor,15,27 June 2020,Premier League - Belarus,3269917
Neman Grodno,Dinamo Brest,15,27 June 2020,Premier League - Belarus,3269918
BATE,Dinamo Minsk,15,27 June 2020,Premier League - Belarus,3269919
Torpedo BelAZ,Vitebsk,15,28 June 2020,Premier League - Belarus,3269920
Ruh Brest,Belshina,15,28 June 2020,Premier League - Belarus,3269921
Gorodeya,Isloch,15,28 June 2020,Premier League - Belarus,3269922
Smolevichy-STI,Gorodeya,12,5 June 2020,Premier League - Belarus,3269891
Slutsk,Torpedo BelAZ,12,6 June 2020,Premier League - Belarus,3269892
Isloch,Ruh Brest,12,6 June 2020,Premier League - Belarus,3269893
Slavia,Neman Grodno,12,6 June 2020,Premier League - Belarus,3269894
Dinamo Brest,Minsk,12,6 June 2020,Premier League - Belarus,3269895
Vitebsk,BATE,12,7 June 2020,Premier League - Belarus,3269896
Belshina,Dinamo Minsk,12,7 June 2020,Premier League - Belarus,3269897
Shakhtyor,Energetyk-BGU,12,7 June 2020,Premier League - Belarus,3269898
Incheon United,Gangwon,5,5 June 2020,K League 1 - Korea-republic,3269442
Seoul,Jeonbuk Motors,5,6 June 2020,K League 1 - Korea-republic,3269443
Pohang Steelers,Ulsan,5,6 June 2020,K League 1 - Korea-republic,3269444
Busan IPark,Sangju Sangmu,5,6 June 2020,K League 1 - Korea-republic,3269445
Suwon Bluewings,Gwangju,5,7 June 2020,K League 1 - Korea-republic,3269446
Seongnam,Daegu,5,7 June 2020,K League 1 - Korea-republic,3269447
Ulsan,Seongnam,6,13 June 2020,K League 1 - Korea-republic,3269448
Jeonbuk Motors,Incheon United,6,13 June 2020,K League 1 - Korea-republic,3269449
Sangju Sangmu,Pohang Steelers,6,13 June 2020,K League 1 - Korea-republic,3269450
Suwon Bluewings,Gangwon,6,13 June 2020,K League 1 - Korea-republic,3269451
Daegu,Seoul,6,14 June 2020,K League 1 - Korea-republic,3269452
Gwangju,Busan IPark,6,14 June 2020,K League 1 - Korea-republic,3269453
Gangwon,Ulsan,7,16 June 2020,K League 1 - Korea-republic,3269454
Pohang Steelers,Jeonbuk Motors,7,16 June 2020,K League 1 - Korea-republic,3269455
Seongnam,Suwon Bluewings,7,16 June 2020,K League 1 - Korea-republic,3269456
Sangju Sangmu,Seoul,7,17 June 2020,K League 1 - Korea-republic,3269457
Gwangju,Incheon United,7,17 June 2020,K League 1 - Korea-republic,3269458
Busan IPark,Daegu,7,17 June 2020,K League 1 - Korea-republic,3269459
Seoul,Ulsan,8,20 June 2020,K League 1 - Korea-republic,3269460
Pohang Steelers,Gangwon,8,20 June 2020,K League 1 - Korea-republic,3269461
Seongnam,Sangju Sangmu,8,20 June 2020,K League 1 - Korea-republic,3269462
Jeonbuk Motors,Gwangju,8,21 June 2020,K League 1 - Korea-republic,3269463
Incheon United,Busan IPark,8,21 June 2020,K League 1 - Korea-republic,3269464
Daegu,Suwon Bluewings,8,21 June 2020,K League 1 - Korea-republic,3269465
Gwangju,Pohang Steelers,9,26 June 2020,K League 1 - Korea-republic,3269466
Seoul,Incheon United,9,27 June 2020,K League 1 - Korea-republic,3269467
Busan IPark,Seongnam,9,27 June 2020,K League 1 - Korea-republic,3269468
Daegu,Gangwon,9,27 June 2020,K League 1 - Korea-republic,3269469
Ulsan,Jeonbuk Motors,9,28 June 2020,K League 1 - Korea-republic,3269470
Suwon Bluewings,Sangju Sangmu,9,28 June 2020,K League 1 - Korea-republic,3269471
Ulsan,Incheon United,10,4 July 2020,K League 1 - Korea-republic,3269472
Gangwon,Busan IPark,10,4 July 2020,K League 1 - Korea-republic,3269473
Suwon Bluewings,Seoul,10,4 July 2020,K League 1 - Korea-republic,3269474
Sangju Sangmu,Jeonbuk Motors,10,5 July 2020,K League 1 - Korea-republic,3269475
Seongnam,Pohang Steelers,10,5 July 2020,K League 1 - Korea-republic,3269476
Gwangju,Daegu,10,5 July 2020,K League 1 - Korea-republic,3269477
Busan IPark,Seoul,11,10 July 2020,K League 1 - Korea-republic,3269478
Jeonbuk Motors,Seongnam,11,11 July 2020,K League 1 - Korea-republic,3269479
Pohang Steelers,Suwon Bluewings,11,11 July 2020,K League 1 - Korea-republic,3269480
Incheon United,Sangju Sangmu,11,11 July 2020,K League 1 - Korea-republic,3269481
Daegu,Ulsan,11,12 July 2020,K League 1 - Korea-republic,3269482
Gangwon,Gwangju,11,12 July 2020,K League 1 - Korea-republic,3269483
Seoul,Pohang Steelers,12,18 July 2020,K League 1 - Korea-republic,3269484
Sangju Sangmu,Daegu,12,18 July 2020,K League 1 - Korea-republic,3269485
Busan IPark,Gwangju,12,18 July 2020,K League 1 - Korea-republic,3269486
Ulsan,Gangwon,12,19 July 2020,K League 1 - Korea-republic,3269487
Suwon Bluewings,Seongnam,12,19 July 2020,K League 1 - Korea-republic,3269488
Incheon United,Jeonbuk Motors,12,19 July 2020,K League 1 - Korea-republic,3269489
Sangju Sangmu,Ulsan,13,25 July 2020,K League 1 - Korea-republic,3269490
Seongnam,Gangwon,13,25 July 2020,K League 1 - Korea-republic,3269491
Gwangju,Suwon Bluewings,13,25 July 2020,K League 1 - Korea-republic,3269492
Jeonbuk Motors,Seoul,13,26 July 2020,K League 1 - Korea-republic,3269493
Pohang Steelers,Incheon United,13,26 July 2020,K League 1 - Korea-republic,3269494
Daegu,Busan IPark,13,26 July 2020,K League 1 - Korea-republic,3269495
Jeonbuk Motors,Pohang Steelers,14,1 August 2020,K League 1 - Korea-republic,3269496
Seongnam,Seoul,14,1 August 2020,K League 1 - Korea-republic,3269497
Incheon United,Gwangju,14,1 August 2020,K League 1 - Korea-republic,3269498
Gangwon,Sangju Sangmu,14,2 August 2020,K League 1 - Korea-republic,3269499
Suwon Bluewings,Daegu,14,2 August 2020,K League 1 - Korea-republic,3269500
Busan IPark,Ulsan,14,2 August 2020,K League 1 - Korea-republic,3269501
Seoul,Gangwon,15,7 August 2020,K League 1 - Korea-republic,3269502
Ulsan,Suwon Bluewings,15,8 August 2020,K League 1 - Korea-republic,3269503
Pohang Steelers,Gwangju,15,8 August 2020,K League 1 - Korea-republic,3269504
Daegu,Jeonbuk Motors,15,8 August 2020,K League 1 - Korea-republic,3269505
Sangju Sangmu,Busan IPark,15,9 August 2020,K League 1 - Korea-republic,3269506
Incheon United,Seongnam,15,9 August 2020,K League 1 - Korea-republic,3269507
Seongnam,Busan IPark,16,14 August 2020,K League 1 - Korea-republic,3269508
Ulsan,Pohang Steelers,16,15 August 2020,K League 1 - Korea-republic,3269509
Seoul,Sangju Sangmu,16,15 August 2020,K League 1 - Korea-republic,3269510
Suwon Bluewings,Jeonbuk Motors,16,15 August 2020,K League 1 - Korea-republic,3269511
Daegu,Incheon United,16,16 August 2020,K League 1 - Korea-republic,3269512
Gwangju,Gangwon,16,16 August 2020,K League 1 - Korea-republic,3269513
Gangwon,Daegu,17,21 August 2020,K League 1 - Korea-republic,3269514
Seongnam,Ulsan,17,22 August 2020,K League 1 - Korea-republic,3269515
Incheon United,Suwon Bluewings,17,22 August 2020,K League 1 - Korea-republic,3269516
Gwangju,Seoul,17,22 August 2020,K League 1 - Korea-republic,3269517
Jeonbuk Motors,Sangju Sangmu,17,23 August 2020,K League 1 - Korea-republic,3269518
Busan IPark,Pohang Steelers,17,23 August 2020,K League 1 - Korea-republic,3269519
Sangju Sangmu,Incheon United,18,28 August 2020,K League 1 - Korea-republic,3269520
Pohang Steelers,Seongnam,18,29 August 2020,K League 1 - Korea-republic,3269521
Suwon Bluewings,Busan IPark,18,29 August 2020,K League 1 - Korea-republic,3269522
Daegu,Gwangju,18,29 August 2020,K League 1 - Korea-republic,3269523
Ulsan,Seoul,18,30 August 2020,K League 1 - Korea-republic,3269524
Jeonbuk Motors,Gangwon,18,30 August 2020,K League 1 - Korea-republic,3269525
Ulsan,Daegu,19,11 September 2020,K League 1 - Korea-republic,3269526
Gangwon,Pohang Steelers,19,12 September 2020,K League 1 - Korea-republic,3269527
Gwangju,Jeonbuk Motors,19,12 September 2020,K League 1 - Korea-republic,3269528
Seoul,Suwon Bluewings,19,12 September 2020,K League 1 - Korea-republic,3269529
Sangju Sangmu,Seongnam,19,13 September 2020,K League 1 - Korea-republic,3269530
Busan IPark,Incheon United,19,13 September 2020,K League 1 - Korea-republic,3269531
Seongnam,Gwangju,20,19 September 2020,K League 1 - Korea-republic,3269532
Gangwon,Suwon Bluewings,20,19 September 2020,K League 1 - Korea-republic,3269533
Jeonbuk Motors,Busan IPark,20,19 September 2020,K League 1 - Korea-republic,3269534
Pohang Steelers,Sangju Sangmu,20,20 September 2020,K League 1 - Korea-republic,3269535
Seoul,Daegu,20,20 September 2020,K League 1 - Korea-republic,3269536
Incheon United,Ulsan,20,20 September 2020,K League 1 - Korea-republic,3269537
Suwon Bluewings,Pohang Steelers,21,25 September 2020,K League 1 - Korea-republic,3269538
Daegu,Seongnam,21,26 September 2020,K League 1 - Korea-republic,3269539
Incheon United,Seoul,21,26 September 2020,K League 1 - Korea-republic,3269540
Jeonbuk Motors,Ulsan,21,26 September 2020,K League 1 - Korea-republic,3269541
Gwangju,Sangju Sangmu,21,27 September 2020,K League 1 - Korea-republic,3269542
Busan IPark,Gangwon,21,27 September 2020,K League 1 - Korea-republic,3269543
Ulsan,Gwangju,22,4 October 2020,K League 1 - Korea-republic,3269544
Seoul,Busan IPark,22,4 October 2020,K League 1 - Korea-republic,3269545
Pohang Steelers,Daegu,22,4 October 2020,K League 1 - Korea-republic,3269546
Gangwon,Incheon United,22,4 October 2020,K League 1 - Korea-republic,3269547
Sangju Sangmu,Suwon Bluewings,22,4 October 2020,K League 1 - Korea-republic,3269548
Seongnam,Jeonbuk Motors,22,4 October 2020,K League 1 - Korea-republic,3269549
Jeju United,Suwon,6,13 June 2020,K League 2 - Korea-republic,3269308
Seoul E-Land,Daejeon Hana Citizen,6,13 June 2020,K League 2 - Korea-republic,3269309
Bucheon 1995,Jeonnam Dragons,6,14 June 2020,K League 2 - Korea-republic,3269310
Anyang,Chungnam Asan,6,14 June 2020,K League 2 - Korea-republic,3269311
Gyeongnam,Ansan Greeners,6,15 June 2020,K League 2 - Korea-republic,3269312
Chungnam Asan,Jeju United,7,20 June 2020,K League 2 - Korea-republic,3269313
Daejeon Hana Citizen,Jeonnam Dragons,7,20 June 2020,K League 2 - Korea-republic,3269314
Gyeongnam,Bucheon 1995,7,21 June 2020,K League 2 - Korea-republic,3269315
Suwon,Anyang,7,21 June 2020,K League 2 - Korea-republic,3269316
Seoul E-Land,Ansan Greeners,7,22 June 2020,K League 2 - Korea-republic,3269317
Ansan Greeners,Chungnam Asan,8,27 June 2020,K League 2 - Korea-republic,3269318
Daejeon Hana Citizen,Anyang,8,27 June 2020,K League 2 - Korea-republic,3269319
Jeju United,Gyeongnam,8,28 June 2020,K League 2 - Korea-republic,3269320
Jeonnam Dragons,Suwon,8,28 June 2020,K League 2 - Korea-republic,3269321
Bucheon 1995,Seoul E-Land,8,28 June 2020,K League 2 - Korea-republic,3269322
Jeonnam Dragons,Ansan Greeners,9,4 July 2020,K League 2 - Korea-republic,3269323
Suwon,Seoul E-Land,9,4 July 2020,K League 2 - Korea-republic,3269324
Anyang,Jeju United,9,5 July 2020,K League 2 - Korea-republic,3269325
Chungnam Asan,Gyeongnam,9,5 July 2020,K League 2 - Korea-republic,3269326
Bucheon 1995,Daejeon Hana Citizen,9,6 July 2020,K League 2 - Korea-republic,3269327
Gyeongnam,Seoul E-Land,10,11 July 2020,K League 2 - Korea-republic,3269328
Suwon,Chungnam Asan,10,11 July 2020,K League 2 - Korea-republic,3269329
Jeju United,Bucheon 1995,10,12 July 2020,K League 2 - Korea-republic,3269330
Anyang,Jeonnam Dragons,10,12 July 2020,K League 2 - Korea-republic,3269331
Ansan Greeners,Daejeon Hana Citizen,10,12 July 2020,K League 2 - Korea-republic,3269332
Jeonnam Dragons,Bucheon 1995,11,18 July 2020,K League 2 - Korea-republic,3269333
Seoul E-Land,Jeju United,11,18 July 2020,K League 2 - Korea-republic,3269334
Chungnam Asan,Anyang,11,19 July 2020,K League 2 - Korea-republic,3269335
Daejeon Hana Citizen,Suwon,11,19 July 2020,K League 2 - Korea-republic,3269336
Ansan Greeners,Gyeongnam,11,20 July 2020,K League 2 - Korea-republic,3269337
Anyang,Suwon,12,25 July 2020,K League 2 - Korea-republic,3269338
Seoul E-Land,Chungnam Asan,12,25 July 2020,K League 2 - Korea-republic,3269339
Bucheon 1995,Ansan Greeners,12,25 July 2020,K League 2 - Korea-republic,3269340
Jeonnam Dragons,Gyeongnam,12,26 July 2020,K League 2 - Korea-republic,3269341
Daejeon Hana Citizen,Jeju United,12,26 July 2020,K League 2 - Korea-republic,3269342
Jeju United,Jeonnam Dragons,13,1 August 2020,K League 2 - Korea-republic,3269343
Chungnam Asan,Daejeon Hana Citizen,13,1 August 2020,K League 2 - Korea-republic,3269344
Suwon,Ansan Greeners,13,1 August 2020,K League 2 - Korea-republic,3269345
Gyeongnam,Anyang,13,2 August 2020,K League 2 - Korea-republic,3269346
Seoul E-Land,Bucheon 1995,13,2 August 2020,K League 2 - Korea-republic,3269347
Ansan Greeners,Anyang,14,8 August 2020,K League 2 - Korea-republic,3269348
Daejeon Hana Citizen,Gyeongnam,14,8 August 2020,K League 2 - Korea-republic,3269349
Jeonnam Dragons,Seoul E-Land,14,9 August 2020,K League 2 - Korea-republic,3269350
Bucheon 1995,Suwon,14,9 August 2020,K League 2 - Korea-republic,3269351
Jeju United,Chungnam Asan,14,10 August 2020,K League 2 - Korea-republic,3269352
Ansan Greeners,Jeonnam Dragons,15,15 August 2020,K League 2 - Korea-republic,3269353
Anyang,Bucheon 1995,15,15 August 2020,K League 2 - Korea-republic,3269354
Gyeongnam,Chungnam Asan,15,16 August 2020,K League 2 - Korea-republic,3269355
Suwon,Jeju United,15,16 August 2020,K League 2 - Korea-republic,3269356
Daejeon Hana Citizen,Seoul E-Land,15,17 August 2020,K League 2 - Korea-republic,3269357
Bucheon 1995,Gyeongnam,16,22 August 2020,K League 2 - Korea-republic,3269358
Chungnam Asan,Jeonnam Dragons,16,22 August 2020,K League 2 - Korea-republic,3269359
Jeju United,Ansan Greeners,16,23 August 2020,K League 2 - Korea-republic,3269360
Seoul E-Land,Suwon,16,23 August 2020,K League 2 - Korea-republic,3269361
Anyang,Daejeon Hana Citizen,16,24 August 2020,K League 2 - Korea-republic,3269362
Gyeongnam,Suwon,17,29 August 2020,K League 2 - Korea-republic,3269363
Jeju United,Anyang,17,29 August 2020,K League 2 - Korea-republic,3269364
Jeonnam Dragons,Daejeon Hana Citizen,17,30 August 2020,K League 2 - Korea-republic,3269365
Bucheon 1995,Chungnam Asan,17,30 August 2020,K League 2 - Korea-republic,3269366
Ansan Greeners,Seoul E-Land,17,30 August 2020,K League 2 - Korea-republic,3269367
Gyeongnam,Jeju United,18,5 September 2020,K League 2 - Korea-republic,3269368
Chungnam Asan,Ansan Greeners,18,5 September 2020,K League 2 - Korea-republic,3269369
Anyang,Seoul E-Land,18,6 September 2020,K League 2 - Korea-republic,3269370
Suwon,Jeonnam Dragons,18,6 September 2020,K League 2 - Korea-republic,3269371
Daejeon Hana Citizen,Bucheon 1995,18,6 September 2020,K League 2 - Korea-republic,3269372
Seoul E-Land,Chungnam Asan,19,12 September 2020,K League 2 - Korea-republic,3269373
Jeonnam Dragons,Gyeongnam,19,12 September 2020,K League 2 - Korea-republic,3269374
Jeju United,Daejeon Hana Citizen,19,13 September 2020,K League 2 - Korea-republic,3269375
Ansan Greeners,Anyang,19,13 September 2020,K League 2 - Korea-republic,3269376
Suwon,Bucheon 1995,19,14 September 2020,K League 2 - Korea-republic,3269377
Bucheon 1995,Jeju United,20,19 September 2020,K League 2 - Korea-republic,3269378
Anyang,Jeonnam Dragons,20,19 September 2020,K League 2 - Korea-republic,3269379
Daejeon Hana Citizen,Seoul E-Land,20,20 September 2020,K League 2 - Korea-republic,3269380
Gyeongnam,Ansan Greeners,20,20 September 2020,K League 2 - Korea-republic,3269381
Chungnam Asan,Suwon,20,21 September 2020,K League 2 - Korea-republic,3269382
Anyang,Bucheon 1995,21,26 September 2020,K League 2 - Korea-republic,3269383
Suwon,Seoul E-Land,21,26 September 2020,K League 2 - Korea-republic,3269384
Ansan Greeners,Daejeon Hana Citizen,21,27 September 2020,K League 2 - Korea-republic,3269385
Gyeongnam,Chungnam Asan,21,27 September 2020,K League 2 - Korea-republic,3269386
Jeonnam Dragons,Jeju United,21,28 September 2020,K League 2 - Korea-republic,3269387
Jeju United,Anyang,22,3 October 2020,K League 2 - Korea-republic,3269388
Bucheon 1995,Jeonnam Dragons,22,3 October 2020,K League 2 - Korea-republic,3269389
Ansan Greeners,Suwon,22,3 October 2020,K League 2 - Korea-republic,3269390
Seoul E-Land,Gyeongnam,22,3 October 2020,K League 2 - Korea-republic,3269391
Chungnam Asan,Daejeon Hana Citizen,22,3 October 2020,K League 2 - Korea-republic,3269392
Gyeongnam,Anyang,23,10 October 2020,K League 2 - Korea-republic,3269393
Daejeon Hana Citizen,Suwon,23,10 October 2020,K League 2 - Korea-republic,3269394
Jeju United,Ansan Greeners,23,11 October 2020,K League 2 - Korea-republic,3269395
Seoul E-Land,Bucheon 1995,23,11 October 2020,K League 2 - Korea-republic,3269396
Jeonnam Dragons,Chungnam Asan,23,11 October 2020,K League 2 - Korea-republic,3269397
Anyang,Seoul E-Land,24,17 October 2020,K League 2 - Korea-republic,3269398
Daejeon Hana Citizen,Bucheon 1995,24,17 October 2020,K League 2 - Korea-republic,3269399
Gyeongnam,Jeju United,24,17 October 2020,K League 2 - Korea-republic,3269400
Suwon,Jeonnam Dragons,24,18 October 2020,K League 2 - Korea-republic,3269401
Chungnam Asan,Ansan Greeners,24,18 October 2020,K League 2 - Korea-republic,3269402
Jeonnam Dragons,Daejeon Hana Citizen,25,24 October 2020,K League 2 - Korea-republic,3269403
Jeju United,Suwon,25,24 October 2020,K League 2 - Korea-republic,3269404
Chungnam Asan,Anyang,25,24 October 2020,K League 2 - Korea-republic,3269405
Bucheon 1995,Gyeongnam,25,25 October 2020,K League 2 - Korea-republic,3269406
Ansan Greeners,Seoul E-Land,25,25 October 2020,K League 2 - Korea-republic,3269407
Suwon,Gyeongnam,26,31 October 2020,K League 2 - Korea-republic,3269408
Bucheon 1995,Chungnam Asan,26,31 October 2020,K League 2 - Korea-republic,3269409
Daejeon Hana Citizen,Anyang,26,31 October 2020,K League 2 - Korea-republic,3269410
Jeju United,Seoul E-Land,26,1 November 2020,K League 2 - Korea-republic,3269411
Jeonnam Dragons,Ansan Greeners,26,1 November 2020,K League 2 - Korea-republic,3269412
Gyeongnam,Daejeon Hana Citizen,27,7 November 2020,K League 2 - Korea-republic,3269413
Anyang,Suwon,27,7 November 2020,K League 2 - Korea-republic,3269414
Ansan Greeners,Bucheon 1995,27,7 November 2020,K League 2 - Korea-republic,3269415
Chungnam Asan,Jeju United,27,7 November 2020,K League 2 - Korea-republic,3269416
Seoul E-Land,Jeonnam Dragons,27,7 November 2020,K League 2 - Korea-republic,3269417
