Sivasspor,Beşiktaş,2019-08-17,3,0,3,n,1,0,0,1,1,2,0,0,2,2,4,3,7,7,0,0,7,7,Süper Lig - Turkey,3081777
Fenerbahçe,Gaziantep FK,2019-08-19,5,0,5,n,3,0,0,3,3,2,0,0,2,2,1,4,5,4,2,2,4,6,Süper Lig - Turkey,3081778
Yeni Malatyaspor,Istanbul Basaksehir,2019-08-18,3,0,3,n,0,0,0,0,0,3,0,0,3,3,3,2,5,2,11,11,2,13,Süper Lig - Turkey,3081779
Gençlerbirliği,Rizespor,2019-08-17,0,1,1,n,0,0,0,0,0,0,1,1,0,1,4,2,6,4,2,2,4,6,Süper Lig - Turkey,3081780
Kasımpaşa,Trabzonspor,2019-08-18,1,1,2,y,1,1,1,1,2,0,0,0,0,0,2,0,2,5,9,9,5,14,Süper Lig - Turkey,3081781
Kayserispor,Alanyaspor,2019-08-17,0,1,1,n,0,0,0,0,0,0,1,1,0,1,4,1,5,6,9,9,6,15,Süper Lig - Turkey,3081782
Konyaspor,Ankaragücü,2019-08-18,0,0,0,n,0,0,0,0,0,0,0,0,0,0,0,2,2,4,1,1,4,5,Süper Lig - Turkey,3081783
Denizlispor,Galatasaray,2019-08-16,2,0,2,n,0,0,0,0,0,2,0,0,2,2,4,5,9,6,2,2,6,8,Süper Lig - Turkey,3081784
Göztepe,Antalyaspor,2019-08-18,0,1,1,n,0,1,1,0,1,0,0,0,0,0,3,3,6,5,5,5,5,10,Süper Lig - Turkey,3081785
Gaziantep FK,Gençlerbirliği,2019-08-26,4,1,5,y,2,0,0,2,2,2,1,1,2,3,1,3,4,4,6,6,4,10,Süper Lig - Turkey,3081786
Galatasaray,Konyaspor,2019-08-25,1,1,2,y,0,0,0,0,0,1,1,1,1,2,2,3,5,2,5,5,2,7,Süper Lig - Turkey,3081787
Ankaragücü,Kayserispor,2019-08-24,1,1,2,y,0,0,0,0,0,1,1,1,1,2,3,1,4,1,7,7,1,8,Süper Lig - Turkey,3081788
Alanyaspor,Kasımpaşa,2019-08-24,4,1,5,y,1,1,1,1,2,3,0,0,3,3,4,4,8,1,4,4,1,5,Süper Lig - Turkey,3081789
Istanbul Basaksehir,Fenerbahçe,2019-08-24,1,2,3,y,1,0,0,1,1,0,2,2,0,2,0,0,0,4,4,4,4,8,Süper Lig - Turkey,3081790
Rizespor,Sivasspor,2019-08-25,2,1,3,y,0,0,0,0,0,2,1,1,2,3,2,2,4,1,12,12,1,13,Süper Lig - Turkey,3081791
Beşiktaş,Göztepe,2019-08-23,3,0,3,n,1,0,0,1,1,2,0,0,2,2,1,1,2,8,3,3,8,11,Süper Lig - Turkey,3081792
Trabzonspor,Yeni Malatyaspor,2019-08-25,2,1,3,y,1,0,0,1,1,1,1,1,1,2,1,2,3,4,5,5,4,9,Süper Lig - Turkey,3081793
Antalyaspor,Denizlispor,2019-08-25,0,2,2,n,0,1,1,0,1,0,1,1,0,1,1,3,4,5,3,3,5,8,Süper Lig - Turkey,3081794
Göztepe,Denizlispor,2019-08-31,0,0,0,n,0,0,0,0,0,0,0,0,0,0,3,4,7,5,1,1,5,6,Süper Lig - Turkey,3081795
Gençlerbirliği,Istanbul Basaksehir,2019-09-01,1,2,3,y,1,0,0,1,1,0,2,2,0,2,5,2,7,4,5,5,4,9,Süper Lig - Turkey,3081796
Kasımpaşa,Ankaragücü,2019-08-30,0,1,1,n,0,1,1,0,1,0,0,0,0,0,1,5,6,10,1,1,10,11,Süper Lig - Turkey,3081797
Sivasspor,Gaziantep FK,2019-09-01,1,1,2,y,0,1,1,0,1,1,0,0,1,1,3,4,7,7,5,5,7,12,Süper Lig - Turkey,3081798
Fenerbahçe,Trabzonspor,2019-09-01,1,1,2,y,1,1,1,1,2,0,0,0,0,0,1,3,4,6,3,3,6,9,Süper Lig - Turkey,3081799
Yeni Malatyaspor,Alanyaspor,2019-09-01,2,3,5,y,0,3,3,0,3,2,0,0,2,2,4,2,6,5,3,3,5,8,Süper Lig - Turkey,3081800
Konyaspor,Antalyaspor,2019-08-31,2,2,4,y,0,1,1,0,1,2,1,1,2,3,2,2,4,5,7,7,5,12,Süper Lig - Turkey,3081801
Beşiktaş,Rizespor,2019-08-31,1,1,2,y,0,1,1,0,1,1,0,0,1,1,5,1,6,11,2,2,11,13,Süper Lig - Turkey,3081802
Kayserispor,Galatasaray,2019-08-30,2,3,5,y,1,0,0,1,1,1,3,3,1,4,8,6,14,1,4,4,1,5,Süper Lig - Turkey,3081803
Alanyaspor,Fenerbahçe,2019-09-16,3,1,4,y,1,1,1,1,2,2,0,0,2,2,1,1,2,3,3,3,3,6,Süper Lig - Turkey,3081804
Istanbul Basaksehir,Sivasspor,2019-09-14,1,1,2,y,0,1,1,0,1,1,0,0,1,1,2,2,4,7,4,4,7,11,Süper Lig - Turkey,3081805
Denizlispor,Konyaspor,2019-09-15,0,1,1,n,0,0,0,0,0,0,1,1,0,1,4,2,6,3,5,5,3,8,Süper Lig - Turkey,3081806
Ankaragücü,Yeni Malatyaspor,2019-09-15,0,4,4,n,0,3,3,0,3,0,1,1,0,1,4,3,7,4,2,2,4,6,Süper Lig - Turkey,3081807
Trabzonspor,Gençlerbirliği,2019-09-15,2,2,4,y,1,1,1,1,2,1,1,1,1,2,2,2,4,2,4,4,2,6,Süper Lig - Turkey,3081808
Gaziantep FK,Beşiktaş,2019-09-14,3,2,5,y,1,0,0,1,1,2,2,2,2,4,5,6,11,4,14,14,4,18,Süper Lig - Turkey,3081809
Rizespor,Göztepe,2019-09-15,0,0,0,n,0,0,0,0,0,0,0,0,0,0,3,4,7,3,3,3,3,6,Süper Lig - Turkey,3081810
Galatasaray,Kasımpaşa,2019-09-13,1,0,1,n,1,0,0,1,1,0,0,0,0,0,2,3,5,3,5,5,3,8,Süper Lig - Turkey,3081811
Antalyaspor,Kayserispor,2019-09-14,2,2,4,y,1,1,1,1,2,1,1,1,1,2,3,1,4,11,3,3,11,14,Süper Lig - Turkey,3081812
Sivasspor,Trabzonspor,2019-09-23,2,1,3,y,1,1,1,1,2,1,0,0,1,1,3,3,6,4,5,5,4,9,Süper Lig - Turkey,3081813
Rizespor,Gaziantep FK,2019-09-22,1,2,3,y,0,2,2,0,2,1,0,0,1,1,2,2,4,8,4,4,8,12,Süper Lig - Turkey,3081814
Beşiktaş,Istanbul Basaksehir,2019-09-23,1,1,2,y,0,0,0,0,0,1,1,1,1,2,4,5,9,0,4,4,0,4,Süper Lig - Turkey,3081815
Göztepe,Konyaspor,2019-09-20,1,0,1,n,0,0,0,0,0,1,0,0,1,1,2,3,5,9,1,1,9,10,Süper Lig - Turkey,3081816
Gençlerbirliği,Alanyaspor,2019-09-22,1,1,2,y,1,0,0,1,1,0,1,1,0,1,3,3,6,1,5,5,1,6,Süper Lig - Turkey,3081817
Fenerbahçe,Ankaragücü,2019-09-21,2,1,3,y,1,1,1,1,2,1,0,0,1,1,2,3,5,8,1,1,8,9,Süper Lig - Turkey,3081818
Yeni Malatyaspor,Galatasaray,2019-09-22,1,1,2,y,0,1,1,0,1,1,0,0,1,1,1,3,4,8,3,3,8,11,Süper Lig - Turkey,3081819
Kasımpaşa,Antalyaspor,2019-09-21,3,0,3,n,0,0,0,0,0,3,0,0,3,3,2,3,5,4,10,10,4,14,Süper Lig - Turkey,3081820
Kayserispor,Denizlispor,2019-09-21,1,1,2,y,1,0,0,1,1,0,1,1,0,1,2,1,3,3,4,4,3,7,Süper Lig - Turkey,3081821
Istanbul Basaksehir,Rizespor,2019-09-27,5,0,5,n,2,0,0,2,2,3,0,0,3,3,0,2,2,4,6,6,4,10,Süper Lig - Turkey,3081822
Gaziantep FK,Göztepe,2019-09-30,1,1,2,y,0,0,0,0,0,1,1,1,1,2,2,5,7,5,5,5,5,10,Süper Lig - Turkey,3081823
Antalyaspor,Yeni Malatyaspor,2019-09-29,3,0,3,n,1,0,0,1,1,2,0,0,2,2,2,3,5,2,4,4,2,6,Süper Lig - Turkey,3081824
Ankaragücü,Gençlerbirliği,2019-09-29,2,1,3,y,0,0,0,0,0,2,1,1,2,3,1,2,3,4,9,9,4,13,Süper Lig - Turkey,3081825
Alanyaspor,Sivasspor,2019-09-28,1,1,2,y,0,1,1,0,1,1,0,0,1,1,3,4,7,11,3,3,11,14,Süper Lig - Turkey,3081826
Trabzonspor,Beşiktaş,2019-09-29,4,1,5,y,2,0,0,2,2,2,1,1,2,3,6,3,9,2,8,8,2,10,Süper Lig - Turkey,3081827
Konyaspor,Kayserispor,2019-09-29,2,1,3,y,1,1,1,1,2,1,0,0,1,1,4,7,11,5,3,3,5,8,Süper Lig - Turkey,3081828
Denizlispor,Kasımpaşa,2019-09-28,0,1,1,n,0,0,0,0,0,0,1,1,0,1,0,2,2,4,5,5,4,9,Süper Lig - Turkey,3081829
Galatasaray,Fenerbahçe,2019-09-28,0,0,0,n,0,0,0,0,0,0,0,0,0,0,2,1,3,4,5,5,4,9,Süper Lig - Turkey,3081830
Sivasspor,Ankaragücü,2019-10-06,3,1,4,y,1,1,1,1,2,2,0,0,2,2,4,1,5,8,3,3,8,11,Süper Lig - Turkey,3081831
Yeni Malatyaspor,Denizlispor,2019-10-04,5,1,6,y,2,0,0,2,2,3,1,1,3,4,2,6,8,6,3,3,6,9,Süper Lig - Turkey,3081832
Gaziantep FK,Istanbul Basaksehir,2019-10-06,1,2,3,y,1,1,1,1,2,0,1,1,0,1,2,6,8,5,8,8,5,13,Süper Lig - Turkey,3081833
Gençlerbirliği,Galatasaray,2019-10-05,0,0,0,n,0,0,0,0,0,0,0,0,0,0,7,4,11,4,5,5,4,9,Süper Lig - Turkey,3081834
Fenerbahçe,Antalyaspor,2019-10-04,0,1,1,n,0,1,1,0,1,0,0,0,0,0,2,2,4,10,3,3,10,13,Süper Lig - Turkey,3081835
Kasımpaşa,Konyaspor,2019-10-05,1,4,5,y,1,3,3,1,4,0,1,1,0,1,5,4,9,9,2,2,9,11,Süper Lig - Turkey,3081836
Rizespor,Trabzonspor,2019-10-06,1,2,3,y,1,0,0,1,1,0,2,2,0,2,5,2,7,6,4,4,6,10,Süper Lig - Turkey,3081837
Beşiktaş,Alanyaspor,2019-10-06,2,0,2,n,0,0,0,0,0,2,0,0,2,2,3,4,7,4,8,8,4,12,Süper Lig - Turkey,3081838
Göztepe,Kayserispor,2019-10-05,4,0,4,n,3,0,0,3,3,1,0,0,1,1,1,2,3,6,5,5,6,11,Süper Lig - Turkey,3081839
Antalyaspor,Gençlerbirliği,2019-10-19,0,6,6,n,0,5,5,0,5,0,1,1,0,1,3,2,5,8,1,1,8,9,Süper Lig - Turkey,3081840
Alanyaspor,Rizespor,2019-10-20,5,2,7,y,2,0,0,2,2,3,2,2,3,5,0,1,1,8,4,4,8,12,Süper Lig - Turkey,3081841
Denizlispor,Fenerbahçe,2019-10-20,1,2,3,y,0,1,1,0,1,1,1,1,1,2,2,0,2,5,4,4,5,9,Süper Lig - Turkey,3081842
Ankaragücü,Beşiktaş,2019-10-19,0,0,0,n,0,0,0,0,0,0,0,0,0,0,2,4,6,5,6,6,5,11,Süper Lig - Turkey,3081843
Trabzonspor,Gaziantep FK,2019-10-19,4,1,5,y,2,0,0,2,2,2,1,1,2,3,1,2,3,5,4,4,5,9,Süper Lig - Turkey,3081844
Istanbul Basaksehir,Göztepe,2019-10-19,2,1,3,y,1,0,0,1,1,1,1,1,1,2,1,3,4,5,5,5,5,10,Süper Lig - Turkey,3081845
Kayserispor,Kasımpaşa,2019-10-20,1,1,2,y,0,1,1,0,1,1,0,0,1,1,5,3,8,11,3,3,11,14,Süper Lig - Turkey,3081846
Konyaspor,Yeni Malatyaspor,2019-10-21,0,2,2,n,0,1,1,0,1,0,1,1,0,1,2,2,4,3,3,3,3,6,Süper Lig - Turkey,3081847
Galatasaray,Sivasspor,2019-10-18,3,2,5,y,2,0,0,2,2,1,2,2,1,3,4,4,8,3,3,3,3,6,Süper Lig - Turkey,3081848
Fenerbahçe,Konyaspor,2019-10-26,5,1,6,y,3,1,1,3,4,2,0,0,2,2,1,1,2,2,2,2,2,4,Süper Lig - Turkey,3081849
Istanbul Basaksehir,Trabzonspor,2019-10-28,2,2,4,y,0,0,0,0,0,2,2,2,2,4,2,3,5,3,6,6,3,9,Süper Lig - Turkey,3081850
Beşiktaş,Galatasaray,2019-10-27,1,0,1,n,0,0,0,0,0,1,0,0,1,1,2,3,5,7,0,0,7,7,Süper Lig - Turkey,3081851
Sivasspor,Antalyaspor,2019-10-26,2,1,3,y,0,0,0,0,0,2,1,1,2,3,3,1,4,7,9,9,7,16,Süper Lig - Turkey,3081852
Gençlerbirliği,Denizlispor,2019-10-27,0,2,2,n,0,1,1,0,1,0,1,1,0,1,1,2,3,6,6,6,6,12,Süper Lig - Turkey,3081853
Yeni Malatyaspor,Kayserispor,2019-10-27,4,0,4,n,1,0,0,1,1,3,0,0,3,3,1,3,4,4,2,2,4,6,Süper Lig - Turkey,3081854
Gaziantep FK,Alanyaspor,2019-10-26,1,1,2,y,0,1,1,0,1,1,0,0,1,1,3,3,6,9,1,1,9,10,Süper Lig - Turkey,3081855
Rizespor,Ankaragücü,2019-10-25,2,0,2,n,1,0,0,1,1,1,0,0,1,1,1,3,4,8,3,3,8,11,Süper Lig - Turkey,3081856
Göztepe,Kasımpaşa,2019-10-27,1,4,5,y,1,1,1,1,2,0,3,3,0,3,4,3,7,5,4,4,5,9,Süper Lig - Turkey,3081857
Konyaspor,Gençlerbirliği,2019-11-02,1,1,2,y,1,0,0,1,1,0,1,1,0,1,1,2,3,1,7,7,1,8,Süper Lig - Turkey,3081858
Galatasaray,Rizespor,2019-11-01,2,0,2,n,2,0,0,2,2,0,0,0,0,0,1,3,4,4,3,3,4,7,Süper Lig - Turkey,3081859
Antalyaspor,Beşiktaş,2019-11-02,1,2,3,y,0,2,2,0,2,1,0,0,1,1,3,2,5,2,0,0,2,2,Süper Lig - Turkey,3081860
Ankaragücü,Gaziantep FK,2019-11-04,1,2,3,y,0,1,1,0,1,1,1,1,1,2,2,2,4,6,3,3,6,9,Süper Lig - Turkey,3081861
Alanyaspor,Istanbul Basaksehir,2019-11-02,0,0,0,n,0,0,0,0,0,0,0,0,0,0,1,1,2,5,3,3,5,8,Süper Lig - Turkey,3081862
Trabzonspor,Göztepe,2019-11-02,0,1,1,n,0,1,1,0,1,0,0,0,0,0,0,3,3,8,3,3,8,11,Süper Lig - Turkey,3081863
Kasımpaşa,Yeni Malatyaspor,2019-11-03,2,2,4,y,1,0,0,1,1,1,2,2,1,3,2,3,5,7,8,8,7,15,Süper Lig - Turkey,3081864
Kayserispor,Fenerbahçe,2019-11-03,1,0,1,n,0,0,0,0,0,1,0,0,1,1,1,3,4,3,8,8,3,11,Süper Lig - Turkey,3081865
Denizlispor,Sivasspor,2019-11-03,0,2,2,n,0,1,1,0,1,0,1,1,0,1,4,3,7,2,6,6,2,8,Süper Lig - Turkey,3081866
Istanbul Basaksehir,Ankaragücü,2019-11-10,2,1,3,y,1,0,0,1,1,1,1,1,1,2,1,2,3,7,4,4,7,11,Süper Lig - Turkey,3081867
Gaziantep FK,Galatasaray,2019-11-09,0,2,2,n,0,2,2,0,2,0,0,0,0,0,3,1,4,7,6,6,7,13,Süper Lig - Turkey,3081868
Göztepe,Yeni Malatyaspor,2019-11-10,1,1,2,y,1,0,0,1,1,0,1,1,0,1,6,6,12,4,4,4,4,8,Süper Lig - Turkey,3081869
Sivasspor,Konyaspor,2019-11-09,2,0,2,n,0,0,0,0,0,2,0,0,2,2,1,4,5,8,1,1,8,9,Süper Lig - Turkey,3081870
Gençlerbirliği,Kayserispor,2019-11-09,2,1,3,y,1,0,0,1,1,1,1,1,1,2,2,0,2,2,2,2,2,4,Süper Lig - Turkey,3081871
Fenerbahçe,Kasımpaşa,2019-11-08,3,2,5,y,2,1,1,2,3,1,1,1,1,2,4,5,9,5,4,4,5,9,Süper Lig - Turkey,3081872
Trabzonspor,Alanyaspor,2019-11-10,1,0,1,n,0,0,0,0,0,1,0,0,1,1,5,4,9,4,6,6,4,10,Süper Lig - Turkey,3081873
Rizespor,Antalyaspor,2019-11-09,1,0,1,n,1,0,0,1,1,0,0,0,0,0,3,4,7,3,10,10,3,13,Süper Lig - Turkey,3081874
Beşiktaş,Denizlispor,2019-11-10,1,0,1,n,0,0,0,0,0,1,0,0,1,1,2,2,4,6,6,6,6,12,Süper Lig - Turkey,3081875
Kasımpaşa,Gençlerbirliği,2019-11-24,1,2,3,y,0,0,0,0,0,1,2,2,1,3,1,1,2,6,7,7,6,13,Süper Lig - Turkey,3081876
Konyaspor,Beşiktaş,2019-11-23,0,1,1,n,0,0,0,0,0,0,1,1,0,1,3,1,4,4,3,3,4,7,Süper Lig - Turkey,3081877
Galatasaray,Istanbul Basaksehir,2019-11-22,0,1,1,n,0,0,0,0,0,0,1,1,0,1,3,3,6,11,5,5,11,16,Süper Lig - Turkey,3081878
Antalyaspor,Gaziantep FK,2019-11-25,1,1,2,y,0,1,1,0,1,1,0,0,1,1,2,3,5,5,3,3,5,8,Süper Lig - Turkey,3081879
Ankaragücü,Trabzonspor,2019-11-23,0,3,3,n,0,1,1,0,1,0,2,2,0,2,5,2,7,5,5,5,5,10,Süper Lig - Turkey,3081880
Alanyaspor,Göztepe,2019-11-24,0,1,1,n,0,0,0,0,0,0,1,1,0,1,3,1,4,6,2,2,6,8,Süper Lig - Turkey,3081881
Yeni Malatyaspor,Fenerbahçe,2019-11-24,0,0,0,n,0,0,0,0,0,0,0,0,0,0,3,4,7,4,3,3,4,7,Süper Lig - Turkey,3081882
Kayserispor,Sivasspor,2019-11-24,1,4,5,y,1,1,1,1,2,0,3,3,0,3,2,1,3,5,10,10,5,15,Süper Lig - Turkey,3081883
Denizlispor,Rizespor,2019-11-23,2,0,2,n,0,0,0,0,0,2,0,0,2,2,3,2,5,7,5,5,7,12,Süper Lig - Turkey,3081884
Sivasspor,Kasımpaşa,2019-11-30,2,0,2,n,2,0,0,2,2,0,0,0,0,0,1,3,4,6,5,5,6,11,Süper Lig - Turkey,3081885
Gaziantep FK,Denizlispor,2019-12-01,1,2,3,y,0,0,0,0,0,1,2,2,1,3,3,5,8,5,2,2,5,7,Süper Lig - Turkey,3081886
Rizespor,Konyaspor,2019-11-30,3,1,4,y,2,1,1,2,3,1,0,0,1,1,1,0,1,3,2,2,3,5,Süper Lig - Turkey,3081887
Gençlerbirliği,Yeni Malatyaspor,2019-11-29,3,3,6,y,0,1,1,0,1,3,2,2,3,5,2,2,4,10,2,2,10,12,Süper Lig - Turkey,3081888
Alanyaspor,Ankaragücü,2019-11-30,5,0,5,n,2,0,0,2,2,3,0,0,3,3,1,2,3,6,9,9,6,15,Süper Lig - Turkey,3081889
Trabzonspor,Galatasaray,2019-12-01,1,1,2,y,0,0,0,0,0,1,1,1,1,2,5,3,8,5,9,9,5,14,Süper Lig - Turkey,3081890
Istanbul Basaksehir,Antalyaspor,2019-12-01,2,0,2,n,0,0,0,0,0,2,0,0,2,2,1,3,4,7,2,2,7,9,Süper Lig - Turkey,3081891
Beşiktaş,Kayserispor,2019-12-02,4,1,5,y,3,0,0,3,3,1,1,1,1,2,2,1,3,9,5,5,9,14,Süper Lig - Turkey,3081892
Göztepe,Fenerbahçe,2019-11-30,2,2,4,y,1,1,1,1,2,1,1,1,1,2,1,8,9,2,4,4,2,6,Süper Lig - Turkey,3081893
Fenerbahçe,Gençlerbirliği,2019-12-06,5,2,7,y,3,1,1,3,4,2,1,1,2,3,3,4,7,4,4,4,4,8,Süper Lig - Turkey,3081894
Yeni Malatyaspor,Sivasspor,2019-12-07,1,3,4,y,1,2,2,1,3,0,1,1,0,1,2,4,6,3,4,4,3,7,Süper Lig - Turkey,3081895
Galatasaray,Alanyaspor,2019-12-07,1,0,1,n,1,0,0,1,1,0,0,0,0,0,2,4,6,6,13,13,6,19,Süper Lig - Turkey,3081896
Antalyaspor,Trabzonspor,2019-12-08,1,3,4,y,1,3,3,1,4,0,0,0,0,0,2,2,4,11,4,4,11,15,Süper Lig - Turkey,3081897
Ankaragücü,Göztepe,2019-12-07,1,3,4,y,1,1,1,1,2,0,2,2,0,2,2,3,5,2,3,3,2,5,Süper Lig - Turkey,3081898
Kasımpaşa,Beşiktaş,2019-12-08,2,3,5,y,1,1,1,1,2,1,2,2,1,3,4,5,9,5,9,9,5,14,Süper Lig - Turkey,3081899
Kayserispor,Rizespor,2019-12-09,1,0,1,n,1,0,0,1,1,0,0,0,0,0,2,3,5,3,11,11,3,14,Süper Lig - Turkey,3081900
Konyaspor,Gaziantep FK,2019-12-08,0,0,0,n,0,0,0,0,0,0,0,0,0,0,2,1,3,6,8,8,6,14,Süper Lig - Turkey,3081901
Denizlispor,Istanbul Basaksehir,2019-12-08,1,1,2,y,0,0,0,0,0,1,1,1,1,2,3,1,4,4,3,3,4,7,Süper Lig - Turkey,3081902
Sivasspor,Fenerbahçe,2019-12-15,3,1,4,y,1,0,0,1,1,2,1,1,2,3,4,4,8,5,7,7,5,12,Süper Lig - Turkey,3081903
Trabzonspor,Denizlispor,2019-12-16,1,2,3,y,1,0,0,1,1,0,2,2,0,2,0,1,1,5,3,3,5,8,Süper Lig - Turkey,3081904
Rizespor,Kasımpaşa,2019-12-14,0,3,3,n,0,2,2,0,2,0,1,1,0,1,5,6,11,7,5,5,7,12,Süper Lig - Turkey,3081905
Gençlerbirliği,Göztepe,2019-12-14,3,1,4,y,2,1,1,2,3,1,0,0,1,1,3,1,4,2,4,4,2,6,Süper Lig - Turkey,3081906
Alanyaspor,Antalyaspor,2019-12-13,0,0,0,n,0,0,0,0,0,0,0,0,0,0,3,3,6,6,3,3,6,9,Süper Lig - Turkey,3081907
Istanbul Basaksehir,Konyaspor,2019-12-16,1,1,2,y,1,0,0,1,1,0,1,1,0,1,0,3,3,9,0,0,9,9,Süper Lig - Turkey,3081908
Gaziantep FK,Kayserispor,2019-12-15,3,0,3,n,0,0,0,0,0,3,0,0,3,3,2,2,4,7,4,4,7,11,Süper Lig - Turkey,3081909
Beşiktaş,Yeni Malatyaspor,2019-12-15,0,2,2,n,0,0,0,0,0,0,2,2,0,2,6,3,9,4,0,0,4,4,Süper Lig - Turkey,3081910
Galatasaray,Ankaragücü,2019-12-14,2,2,4,y,0,0,0,0,0,2,2,2,2,4,2,5,7,12,3,3,12,15,Süper Lig - Turkey,3081911
Yeni Malatyaspor,Rizespor,2019-12-21,0,2,2,n,0,1,1,0,1,0,1,1,0,1,2,3,5,6,4,4,6,10,Süper Lig - Turkey,3081912
Göztepe,Galatasaray,2019-12-21,2,1,3,y,1,1,1,1,2,1,0,0,1,1,4,2,6,2,5,5,2,7,Süper Lig - Turkey,3081914
Antalyaspor,Ankaragücü,2019-12-20,2,2,4,y,1,0,0,1,1,1,2,2,1,3,2,3,5,6,0,0,6,6,Süper Lig - Turkey,3081915
Fenerbahçe,Beşiktaş,2019-12-22,3,1,4,y,2,1,1,2,3,1,0,0,1,1,2,3,5,9,5,5,9,14,Süper Lig - Turkey,3081917
Kasımpaşa,Gaziantep FK,2019-12-21,3,4,7,y,1,4,4,1,5,2,0,0,2,2,4,2,6,8,3,3,8,11,Süper Lig - Turkey,3081918
Kayserispor,Istanbul Basaksehir,2019-12-22,1,4,5,y,1,2,2,1,3,0,2,2,0,2,3,2,5,6,7,7,6,13,Süper Lig - Turkey,3081919
Gençlerbirliği,Sivasspor,2019-12-22,2,2,4,y,0,1,1,0,1,2,1,1,2,3,3,2,5,8,7,7,8,15,Süper Lig - Turkey,3081916
Denizlispor,Alanyaspor,2019-12-23,1,5,6,y,0,3,3,0,3,1,2,2,1,3,1,3,4,4,7,7,4,11,Süper Lig - Turkey,3081920
Konyaspor,Trabzonspor,2019-12-23,0,1,1,n,0,1,1,0,1,0,0,0,0,0,5,2,7,3,3,3,3,6,Süper Lig - Turkey,3081913
Istanbul Basaksehir,Kasımpaşa,2019-12-28,5,1,6,y,4,0,0,4,4,1,1,1,1,2,2,3,5,5,8,8,5,13,Süper Lig - Turkey,3081922
Beşiktaş,Gençlerbirliği,2019-12-27,4,1,5,y,0,1,1,0,1,4,0,0,4,4,2,6,8,8,5,5,8,13,Süper Lig - Turkey,3081923
Ankaragücü,Denizlispor,2019-12-28,2,2,4,y,0,2,2,0,2,2,0,0,2,2,2,2,4,2,3,3,2,5,Süper Lig - Turkey,3081924
Alanyaspor,Konyaspor,2019-12-29,2,1,3,y,1,1,1,1,2,1,0,0,1,1,1,4,5,11,1,1,11,12,Süper Lig - Turkey,3081925
Trabzonspor,Kayserispor,2019-12-28,6,2,8,y,2,1,1,2,3,4,1,1,4,5,0,2,2,14,2,2,14,16,Süper Lig - Turkey,3081926
Gaziantep FK,Yeni Malatyaspor,2019-12-29,1,1,2,y,1,0,0,1,1,0,1,1,0,1,5,5,10,1,8,8,1,9,Süper Lig - Turkey,3081927
Rizespor,Fenerbahçe,2019-12-29,1,2,3,y,1,1,1,1,2,0,1,1,0,1,3,2,5,5,2,2,5,7,Süper Lig - Turkey,3081928
Galatasaray,Antalyaspor,2019-12-28,5,0,5,n,3,0,0,3,3,2,0,0,2,2,2,4,6,6,3,3,6,9,Süper Lig - Turkey,3081929
Sivasspor,Göztepe,2019-12-29,1,0,1,n,0,0,0,0,0,1,0,0,1,1,1,1,2,3,1,1,3,4,Süper Lig - Turkey,3081921
Trabzonspor,Kasımpaşa,2020-01-19,6,0,6,n,3,0,0,3,3,3,0,0,3,3,1,4,5,5,2,2,5,7,Süper Lig - Turkey,3081934
Alanyaspor,Kayserispor,2020-01-18,5,1,6,y,1,0,0,1,1,4,1,1,4,5,0,3,3,2,2,2,2,4,Süper Lig - Turkey,3081935
Ankaragücü,Konyaspor,2020-01-17,0,1,1,n,0,0,0,0,0,0,1,1,0,1,0,1,1,4,4,4,4,8,Süper Lig - Turkey,3081936
Gaziantep FK,Fenerbahçe,2020-01-18,0,2,2,n,0,0,0,0,0,0,2,2,0,2,5,5,10,4,3,3,4,7,Süper Lig - Turkey,3081931
Istanbul Basaksehir,Yeni Malatyaspor,2020-01-18,4,1,5,y,4,0,0,4,4,0,1,1,0,1,2,4,6,4,5,5,4,9,Süper Lig - Turkey,3081932
Beşiktaş,Sivasspor,2020-01-19,1,2,3,y,1,2,2,1,3,0,0,0,0,0,2,7,9,14,5,5,14,19,Süper Lig - Turkey,3081930
Galatasaray,Denizlispor,2020-01-19,2,1,3,y,1,0,0,1,1,1,1,1,1,2,1,4,5,5,9,9,5,14,Süper Lig - Turkey,3081937
Antalyaspor,Göztepe,2020-01-19,0,3,3,n,0,3,3,0,3,0,0,0,0,0,4,2,6,9,5,5,9,14,Süper Lig - Turkey,3081938
Rizespor,Gençlerbirliği,2020-01-20,2,0,2,n,0,0,0,0,0,2,0,0,2,2,1,1,2,4,0,0,4,4,Süper Lig - Turkey,3081933
Gençlerbirliği,Gaziantep FK,2020-01-24,1,0,1,n,0,0,0,0,0,1,0,0,1,1,3,2,5,10,2,2,10,12,Süper Lig - Turkey,3081939
Kasımpaşa,Alanyaspor,2020-01-25,1,2,3,y,0,1,1,0,1,1,1,1,1,2,4,1,5,4,7,7,4,11,Süper Lig - Turkey,3081942
Fenerbahçe,Istanbul Basaksehir,2020-01-25,2,0,2,n,0,0,0,0,0,2,0,0,2,2,0,1,1,6,7,7,6,13,Süper Lig - Turkey,3081943
Denizlispor,Antalyaspor,2020-01-26,0,3,3,n,0,2,2,0,2,0,1,1,0,1,2,2,4,8,4,4,8,12,Süper Lig - Turkey,3081947
Kayserispor,Ankaragücü,2020-01-25,1,1,2,y,1,0,0,1,1,0,1,1,0,1,5,6,11,12,3,3,12,15,Süper Lig - Turkey,3081941
Konyaspor,Galatasaray,2020-01-26,0,3,3,n,0,2,2,0,2,0,1,1,0,1,0,2,2,8,6,6,8,14,Süper Lig - Turkey,3081940
Göztepe,Beşiktaş,2020-01-26,2,1,3,y,2,1,1,2,3,0,0,0,0,0,4,4,8,5,4,4,5,9,Süper Lig - Turkey,3081945
Sivasspor,Rizespor,2020-01-27,1,1,2,y,0,0,0,0,0,1,1,1,1,2,1,5,6,6,1,1,6,7,Süper Lig - Turkey,3081944
Istanbul Basaksehir,Gençlerbirliği,2020-01-31,3,1,4,y,1,1,1,1,2,2,0,0,2,2,1,1,2,3,8,8,3,11,Süper Lig - Turkey,3081949
Ankaragücü,Kasımpaşa,2020-02-02,1,1,2,y,0,1,1,0,1,1,0,0,1,1,3,3,6,3,9,9,3,12,Süper Lig - Turkey,3081950
Gaziantep FK,Sivasspor,2020-02-02,5,1,6,y,3,1,1,3,4,2,0,0,2,2,3,4,7,6,2,2,6,8,Süper Lig - Turkey,3081951
Alanyaspor,Yeni Malatyaspor,2020-02-02,2,1,3,y,1,0,0,1,1,1,1,1,1,2,3,3,6,7,6,6,7,13,Süper Lig - Turkey,3081953
Antalyaspor,Konyaspor,2020-02-01,0,0,0,n,0,0,0,0,0,0,0,0,0,0,3,0,3,12,4,4,12,16,Süper Lig - Turkey,3081954
Rizespor,Beşiktaş,2020-02-01,1,2,3,y,1,1,1,1,2,0,1,1,0,1,3,0,3,4,4,4,4,8,Süper Lig - Turkey,3081955
Trabzonspor,Fenerbahçe,2020-02-01,2,1,3,y,2,1,1,2,3,0,0,0,0,0,3,5,8,6,10,10,6,16,Süper Lig - Turkey,3081952
Galatasaray,Kayserispor,2020-02-02,4,1,5,y,2,0,0,2,2,2,1,1,2,3,2,1,3,5,4,4,5,9,Süper Lig - Turkey,3081956
Denizlispor,Göztepe,2020-02-03,1,1,2,y,0,1,1,0,1,1,0,0,1,1,3,4,7,8,1,1,8,9,Süper Lig - Turkey,3081948
Yeni Malatyaspor,Ankaragücü,2020-02-07,0,1,1,n,0,0,0,0,0,0,1,1,0,1,2,2,4,10,3,3,10,13,Süper Lig - Turkey,3081960
Gençlerbirliği,Trabzonspor,2020-02-08,0,2,2,n,0,0,0,0,0,0,2,2,0,2,8,2,10,5,9,9,5,14,Süper Lig - Turkey,3081961
Beşiktaş,Gaziantep FK,2020-02-08,3,0,3,n,0,0,0,0,0,3,0,0,3,3,3,2,5,10,5,5,10,15,Süper Lig - Turkey,3081962
Kasımpaşa,Galatasaray,2020-02-09,0,3,3,n,0,3,3,0,3,0,0,0,0,0,2,0,2,4,5,5,4,9,Süper Lig - Turkey,3081964
Fenerbahçe,Alanyaspor,2020-02-08,1,1,2,y,0,1,1,0,1,1,0,0,1,1,3,4,7,5,2,2,5,7,Süper Lig - Turkey,3081957
Konyaspor,Denizlispor,2020-02-08,0,0,0,n,0,0,0,0,0,0,0,0,0,0,2,1,3,7,4,4,7,11,Süper Lig - Turkey,3081959
Kayserispor,Antalyaspor,2020-02-09,2,2,4,y,1,1,1,1,2,1,1,1,1,2,4,4,8,8,8,8,8,16,Süper Lig - Turkey,3081965
Sivasspor,Istanbul Basaksehir,2020-02-09,1,1,2,y,0,0,0,0,0,1,1,1,1,2,0,3,3,7,2,2,7,9,Süper Lig - Turkey,3081958
Istanbul Basaksehir,Beşiktaş,2020-02-14,1,0,1,n,0,0,0,0,0,1,0,0,1,1,3,3,6,0,5,5,0,5,Süper Lig - Turkey,3081968
Konyaspor,Göztepe,2020-02-15,1,3,4,y,1,1,1,1,2,0,2,2,0,2,2,0,2,8,3,3,8,11,Süper Lig - Turkey,3081969
Alanyaspor,Gençlerbirliği,2020-02-16,0,1,1,n,0,0,0,0,0,0,1,1,0,1,3,2,5,3,7,7,3,10,Süper Lig - Turkey,3081970
Ankaragücü,Fenerbahçe,2020-02-15,2,1,3,y,1,0,0,1,1,1,1,1,1,2,1,2,3,1,2,2,1,3,Süper Lig - Turkey,3081971
Galatasaray,Yeni Malatyaspor,2020-02-16,1,0,1,n,1,0,0,1,1,0,0,0,0,0,2,3,5,6,5,5,6,11,Süper Lig - Turkey,3081972
Denizlispor,Kayserispor,2020-02-15,0,1,1,n,0,0,0,0,0,0,1,1,0,1,0,0,0,10,5,5,10,15,Süper Lig - Turkey,3081974
Trabzonspor,Sivasspor,2020-02-16,2,1,3,y,2,0,0,2,2,0,1,1,0,1,2,1,3,7,7,7,7,14,Süper Lig - Turkey,3081966
Gaziantep FK,Rizespor,2020-02-17,2,0,2,n,0,0,0,0,0,2,0,0,2,2,3,4,7,7,2,2,7,9,Süper Lig - Turkey,3081967
Antalyaspor,Kasımpaşa,2020-02-17,3,1,4,y,0,0,0,0,0,3,1,1,3,4,4,3,7,3,5,5,3,8,Süper Lig - Turkey,3081973
Gençlerbirliği,Ankaragücü,2020-02-23,1,0,1,n,0,0,0,0,0,1,0,0,1,1,3,3,6,6,2,2,6,8,Süper Lig - Turkey,3081978
Beşiktaş,Trabzonspor,2020-02-22,2,2,4,y,0,1,1,0,1,2,1,1,2,3,2,2,4,14,5,5,14,19,Süper Lig - Turkey,3081980
Kayserispor,Konyaspor,2020-02-22,2,2,4,y,1,2,2,1,3,1,0,0,1,1,3,5,8,8,1,1,8,9,Süper Lig - Turkey,3081981
Fenerbahçe,Galatasaray,2020-02-23,1,3,4,y,1,1,1,1,2,0,2,2,0,2,6,7,13,6,4,4,6,10,Süper Lig - Turkey,3081983
Sivasspor,Alanyaspor,2020-02-21,1,0,1,n,1,0,0,1,1,0,0,0,0,0,5,2,7,3,6,6,3,9,Süper Lig - Turkey,3081979
Göztepe,Gaziantep FK,2020-02-22,1,1,2,y,0,0,0,0,0,1,1,1,1,2,2,3,5,6,12,12,6,18,Süper Lig - Turkey,3081976
Yeni Malatyaspor,Antalyaspor,2020-02-23,1,2,3,y,1,1,1,1,2,0,1,1,0,1,2,2,4,5,2,2,5,7,Süper Lig - Turkey,3081977
Kasımpaşa,Denizlispor,2020-02-24,2,0,2,n,1,0,0,1,1,1,0,0,1,1,2,1,3,8,6,6,8,14,Süper Lig - Turkey,3081982
Rizespor,Istanbul Basaksehir,2020-02-24,1,2,3,y,0,1,1,0,1,1,1,1,1,2,0,1,1,4,2,2,4,6,Süper Lig - Turkey,3081975
Konyaspor,Kasımpaşa,2020-02-29,0,0,0,n,0,0,0,0,0,0,0,0,0,0,1,0,1,-1,-1,-1,-1,-1,Süper Lig - Turkey,3081989
Trabzonspor,Rizespor,2020-02-29,5,2,7,y,0,1,1,0,1,5,1,1,5,6,3,2,5,6,3,3,6,9,Süper Lig - Turkey,3081990
Alanyaspor,Beşiktaş,2020-02-28,1,2,3,y,1,0,0,1,1,0,2,2,0,2,1,0,1,4,5,5,4,9,Süper Lig - Turkey,3081991
Ankaragücü,Sivasspor,2020-03-01,0,3,3,n,0,0,0,0,0,0,3,3,0,3,2,2,4,4,7,7,4,11,Süper Lig - Turkey,3081984
Denizlispor,Yeni Malatyaspor,2020-03-01,2,0,2,n,1,0,0,1,1,1,0,0,1,1,0,5,5,12,2,2,12,14,Süper Lig - Turkey,3081985
Galatasaray,Gençlerbirliği,2020-03-01,3,0,3,n,2,0,0,2,2,1,0,0,1,1,1,4,5,5,10,10,5,15,Süper Lig - Turkey,3081987
Antalyaspor,Fenerbahçe,2020-02-29,2,2,4,y,0,1,1,0,1,2,1,1,2,3,6,1,7,8,2,2,8,10,Süper Lig - Turkey,3081988
Istanbul Basaksehir,Gaziantep FK,2020-03-02,3,1,4,y,0,0,0,0,0,3,1,1,3,4,1,0,1,-1,-1,-1,-1,-1,Süper Lig - Turkey,3081986
Kayserispor,Göztepe,2020-03-02,1,0,1,n,0,0,0,0,0,1,0,0,1,1,4,1,5,-1,-1,-1,-1,-1,Süper Lig - Turkey,3081992
Beşiktaş,Ankaragücü,2020-03-06,2,1,3,y,1,0,0,1,1,1,1,1,1,2,3,5,8,-1,-1,-1,-1,-1,Süper Lig - Turkey,3081996
Gaziantep FK,Trabzonspor,2020-03-07,1,1,2,y,0,1,1,0,1,1,0,0,1,1,2,5,7,-1,-1,-1,-1,-1,Süper Lig - Turkey,3081997
Göztepe,Istanbul Basaksehir,2020-03-07,0,3,3,n,0,1,1,0,1,0,2,2,0,2,1,3,4,-1,-1,-1,-1,-1,Süper Lig - Turkey,3081998
Rizespor,Alanyaspor,2020-03-08,1,1,2,y,0,1,1,0,1,1,0,0,1,1,1,3,4,-1,-1,-1,-1,-1,Süper Lig - Turkey,3081994
Fenerbahçe,Denizlispor,2020-03-07,2,2,4,y,1,1,1,1,2,1,1,1,1,2,7,4,11,-1,-1,-1,-1,-1,Süper Lig - Turkey,3081995
Kasımpaşa,Kayserispor,2020-03-08,5,1,6,y,3,0,0,3,3,2,1,1,2,3,3,4,7,-1,-1,-1,-1,-1,Süper Lig - Turkey,3081999
Yeni Malatyaspor,Konyaspor,2020-03-07,1,1,2,y,0,1,1,0,1,1,0,0,1,1,2,3,5,-1,-1,-1,-1,-1,Süper Lig - Turkey,3082000
Sivasspor,Galatasaray,2020-03-08,2,2,4,y,1,2,2,1,3,1,0,0,1,1,1,2,3,-1,-1,-1,-1,-1,Süper Lig - Turkey,3082001
Yeni Malatyaspor,Trabzonspor,2020-03-11,1,3,4,y,1,2,2,1,3,0,1,1,0,1,3,2,5,-1,-1,-1,-1,-1,Süper Lig - Turkey,3081946
Gençlerbirliği,Antalyaspor,2020-03-09,1,1,2,y,0,0,0,0,0,1,1,1,1,2,3,1,4,-1,-1,-1,-1,-1,Süper Lig - Turkey,3081993
Konyaspor,Fenerbahçe,2020-03-14,1,0,1,n,1,0,0,1,1,0,0,0,0,0,7,2,9,-1,-1,-1,-1,-1,Süper Lig - Turkey,3082002
Trabzonspor,Istanbul Basaksehir,2020-03-15,1,1,2,y,0,0,0,0,0,1,1,1,1,2,1,1,2,-1,-1,-1,-1,-1,Süper Lig - Turkey,3082003
Galatasaray,Beşiktaş,2020-03-15,0,0,0,n,0,0,0,0,0,0,0,0,0,0,1,2,3,-1,-1,-1,-1,-1,Süper Lig - Turkey,3082004
Denizlispor,Gençlerbirliği,2020-03-14,1,0,1,n,0,0,0,0,0,1,0,0,1,1,1,2,3,-1,-1,-1,-1,-1,Süper Lig - Turkey,3082006
Kayserispor,Yeni Malatyaspor,2020-03-15,2,1,3,y,2,0,0,2,2,0,1,1,0,1,3,1,4,-1,-1,-1,-1,-1,Süper Lig - Turkey,3082007
Alanyaspor,Gaziantep FK,2020-03-14,1,0,1,n,1,0,0,1,1,0,0,0,0,0,0,3,3,-1,-1,-1,-1,-1,Süper Lig - Turkey,3082008
Ankaragücü,Rizespor,2020-03-13,2,1,3,y,2,1,1,2,3,0,0,0,0,0,2,3,5,-1,-1,-1,-1,-1,Süper Lig - Turkey,3082009
Kasımpaşa,Göztepe,2020-03-13,2,0,2,n,1,0,0,1,1,1,0,0,1,1,3,2,5,-1,-1,-1,-1,-1,Süper Lig - Turkey,3082010
Antalyaspor,Sivasspor,2020-03-16,1,0,1,n,0,0,0,0,0,1,0,0,1,1,1,4,5,-1,-1,-1,-1,-1,Süper Lig - Turkey,3082005
Göztepe,Rizespor,2020-03-17,2,0,2,n,0,0,0,0,0,2,0,0,2,2,1,2,3,-1,-1,-1,-1,-1,Süper Lig - Turkey,3081963
Gençlerbirliği,Konyaspor,2020-06-14,2,1,3,y,0,0,0,0,0,2,1,1,2,3,2,2,4,-1,-1,-1,-1,-1,Süper Lig - Turkey,3082011
Beşiktaş,Antalyaspor,2020-06-13,1,2,3,y,0,2,2,0,2,1,0,0,1,1,3,3,6,-1,-1,-1,-1,-1,Süper Lig - Turkey,3082013
Istanbul Basaksehir,Alanyaspor,2020-06-13,2,0,2,n,0,0,0,0,0,2,0,0,2,2,1,3,4,-1,-1,-1,-1,-1,Süper Lig - Turkey,3082015
Göztepe,Trabzonspor,2020-06-12,1,3,4,y,0,1,1,0,1,1,2,2,1,3,2,3,5,-1,-1,-1,-1,-1,Süper Lig - Turkey,3082016
Yeni Malatyaspor,Kasımpaşa,2020-06-13,1,2,3,y,1,0,0,1,1,0,2,2,0,2,1,2,3,-1,-1,-1,-1,-1,Süper Lig - Turkey,3082017
Fenerbahçe,Kayserispor,2020-06-12,2,1,3,y,0,0,0,0,0,2,1,1,2,3,2,2,4,-1,-1,-1,-1,-1,Süper Lig - Turkey,3082018
Rizespor,Galatasaray,2020-06-14,2,0,2,n,1,0,0,1,1,1,0,0,1,1,4,3,7,-1,-1,-1,-1,-1,Süper Lig - Turkey,3082012
Gaziantep FK,Ankaragücü,2020-06-14,1,1,2,y,1,0,0,1,1,0,1,1,0,1,3,3,6,-1,-1,-1,-1,-1,Süper Lig - Turkey,3082014
Sivasspor,Denizlispor,2020-06-15,1,0,1,n,1,0,0,1,1,0,0,0,0,0,3,3,6,-1,-1,-1,-1,-1,Süper Lig - Turkey,3082019
Ankaragücü,Istanbul Basaksehir,2020-06-19,1,2,3,y,1,0,0,1,1,0,2,2,0,2,4,4,8,-1,-1,-1,-1,-1,Süper Lig - Turkey,3082020
Yeni Malatyaspor,Göztepe,2020-06-20,2,1,3,y,1,0,0,1,1,1,1,1,1,2,2,1,3,-1,-1,-1,-1,-1,Süper Lig - Turkey,3082022
Kayserispor,Gençlerbirliği,2020-06-20,2,0,2,n,1,0,0,1,1,1,0,0,1,1,4,3,7,-1,-1,-1,-1,-1,Süper Lig - Turkey,3082024
Kasımpaşa,Fenerbahçe,2020-06-21,2,0,2,n,0,0,0,0,0,2,0,0,2,2,4,0,4,-1,-1,-1,-1,-1,Süper Lig - Turkey,3082025
Denizlispor,Beşiktaş,2020-06-20,1,5,6,y,0,1,1,0,1,1,4,4,1,5,2,0,2,-1,-1,-1,-1,-1,Süper Lig - Turkey,3082028
Galatasaray,Gaziantep FK,2020-06-21,3,3,6,y,2,1,1,2,3,1,2,2,1,3,8,1,9,-1,-1,-1,-1,-1,Süper Lig - Turkey,3082021
Konyaspor,Sivasspor,2020-06-21,2,2,4,y,2,1,1,2,3,0,1,1,0,1,3,1,4,-1,-1,-1,-1,-1,Süper Lig - Turkey,3082023
Antalyaspor,Rizespor,2020-06-22,3,1,4,y,1,0,0,1,1,2,1,1,2,3,2,2,4,-1,-1,-1,-1,-1,Süper Lig - Turkey,3082027
Alanyaspor,Trabzonspor,2020-06-22,2,2,4,y,1,1,1,1,2,1,1,1,1,2,3,3,6,-1,-1,-1,-1,-1,Süper Lig - Turkey,3082026
Beşiktaş,Konyaspor,2020-06-26,3,0,3,n,2,0,0,2,2,1,0,0,1,1,3,2,5,-1,-1,-1,-1,-1,Süper Lig - Turkey,3082030
Istanbul Basaksehir,Galatasaray,2020-06-28,1,1,2,y,0,0,0,0,0,1,1,1,1,2,7,1,8,-1,-1,-1,-1,-1,Süper Lig - Turkey,3082031
Gaziantep FK,Antalyaspor,2020-06-28,1,1,2,y,0,0,0,0,0,1,1,1,1,2,2,3,5,-1,-1,-1,-1,-1,Süper Lig - Turkey,3082032
Trabzonspor,Ankaragücü,2020-06-27,1,1,2,y,1,0,0,1,1,0,1,1,0,1,4,8,12,-1,-1,-1,-1,-1,Süper Lig - Turkey,3082033
Göztepe,Alanyaspor,2020-06-27,3,3,6,y,1,2,2,1,3,2,1,1,2,3,3,2,5,-1,-1,-1,-1,-1,Süper Lig - Turkey,3082034
Fenerbahçe,Yeni Malatyaspor,2020-06-27,3,2,5,y,0,0,0,0,0,3,2,2,3,5,3,4,7,-1,-1,-1,-1,-1,Süper Lig - Turkey,3082035
Sivasspor,Kayserispor,2020-06-28,0,2,2,n,0,1,1,0,1,0,1,1,0,1,3,4,7,-1,-1,-1,-1,-1,Süper Lig - Turkey,3082036
Rizespor,Denizlispor,2020-06-28,2,2,4,y,1,2,2,1,3,1,0,0,1,1,2,1,3,-1,-1,-1,-1,-1,Süper Lig - Turkey,3082037
Gençlerbirliği,Kasımpaşa,2020-06-29,0,2,2,n,0,1,1,0,1,0,1,1,0,1,2,2,4,-1,-1,-1,-1,-1,Süper Lig - Turkey,3082029
Denizlispor,Gaziantep FK,2020-07-03,0,1,1,n,0,1,1,0,1,0,0,0,0,0,2,1,3,-1,-1,-1,-1,-1,Süper Lig - Turkey,3082039
Konyaspor,Rizespor,2020-07-05,1,0,1,n,0,0,0,0,0,1,0,0,1,1,3,2,5,-1,-1,-1,-1,-1,Süper Lig - Turkey,3082040
Yeni Malatyaspor,Gençlerbirliği,2020-07-04,0,0,0,n,0,0,0,0,0,0,0,0,0,0,5,2,7,-1,-1,-1,-1,-1,Süper Lig - Turkey,3082041
Ankaragücü,Alanyaspor,2020-07-04,1,4,5,y,0,0,0,0,0,1,4,4,1,5,2,2,4,-1,-1,-1,-1,-1,Süper Lig - Turkey,3082042
Galatasaray,Trabzonspor,2020-07-05,1,3,4,y,0,1,1,0,1,1,2,2,1,3,4,3,7,-1,-1,-1,-1,-1,Süper Lig - Turkey,3082043
Kayserispor,Beşiktaş,2020-07-06,3,1,4,y,0,0,0,0,0,3,1,1,3,4,1,1,2,-1,-1,-1,-1,-1,Süper Lig - Turkey,3082045
Fenerbahçe,Göztepe,2020-07-04,2,1,3,y,2,0,0,2,2,0,1,1,0,1,2,2,4,-1,-1,-1,-1,-1,Süper Lig - Turkey,3082046
Kasımpaşa,Sivasspor,2020-07-05,0,0,0,n,0,0,0,0,0,0,0,0,0,0,3,2,5,-1,-1,-1,-1,-1,Süper Lig - Turkey,3082038
Antalyaspor,Istanbul Basaksehir,2020-07-04,0,2,2,n,0,0,0,0,0,0,2,2,0,2,1,2,3,-1,-1,-1,-1,-1,Süper Lig - Turkey,3082044
Gençlerbirliği,Fenerbahçe,2020-07-07,1,1,2,y,0,0,0,0,0,1,1,1,1,2,3,4,7,-1,-1,-1,-1,-1,Süper Lig - Turkey,3082047
Sivasspor,Yeni Malatyaspor,2020-07-08,0,1,1,n,0,0,0,0,0,0,1,1,0,1,1,3,4,-1,-1,-1,-1,-1,Süper Lig - Turkey,3082048
Alanyaspor,Galatasaray,2020-07-08,4,1,5,y,2,1,1,2,3,2,0,0,2,2,1,1,2,-1,-1,-1,-1,-1,Süper Lig - Turkey,3082049
Trabzonspor,Antalyaspor,2020-07-08,2,2,4,y,2,1,1,2,3,0,1,1,0,1,1,5,6,-1,-1,-1,-1,-1,Süper Lig - Turkey,3082050
Göztepe,Ankaragücü,2020-07-08,2,2,4,y,2,1,1,2,3,0,1,1,0,1,2,4,6,-1,-1,-1,-1,-1,Süper Lig - Turkey,3082051
Istanbul Basaksehir,Denizlispor,2020-07-07,2,0,2,n,0,0,0,0,0,2,0,0,2,2,3,1,4,-1,-1,-1,-1,-1,Süper Lig - Turkey,3082055
Beşiktaş,Kasımpaşa,2020-07-09,3,2,5,y,1,2,2,1,3,2,0,0,2,2,3,1,4,-1,-1,-1,-1,-1,Süper Lig - Turkey,3082052
Rizespor,Kayserispor,2020-07-09,3,2,5,y,1,1,1,1,2,2,1,1,2,3,3,3,6,-1,-1,-1,-1,-1,Süper Lig - Turkey,3082053
Gaziantep FK,Konyaspor,2020-07-09,3,1,4,y,0,1,1,0,1,3,0,0,3,3,3,5,8,-1,-1,-1,-1,-1,Süper Lig - Turkey,3082054
Göztepe,Gençlerbirliği,2020-07-11,1,3,4,y,0,2,2,0,2,1,1,1,1,2,2,1,3,-1,-1,-1,-1,-1,Süper Lig - Turkey,3082059
Fenerbahçe,Sivasspor,2020-07-12,1,2,3,y,1,2,2,1,3,0,0,0,0,0,3,3,6,-1,-1,-1,-1,-1,Süper Lig - Turkey,3082056
Antalyaspor,Alanyaspor,2020-07-12,1,0,1,n,1,0,0,1,1,0,0,0,0,0,1,2,3,-1,-1,-1,-1,-1,Süper Lig - Turkey,3082060
Ankaragücü,Galatasaray,2020-07-12,1,0,1,n,0,0,0,0,0,1,0,0,1,1,4,4,8,-1,-1,-1,-1,-1,Süper Lig - Turkey,3082064
Denizlispor,Trabzonspor,2020-07-13,2,1,3,y,0,1,1,0,1,2,0,0,2,2,0,3,3,-1,-1,-1,-1,-1,Süper Lig - Turkey,3082057
Kasımpaşa,Rizespor,2020-07-13,2,0,2,n,0,0,0,0,0,2,0,0,2,2,1,2,3,-1,-1,-1,-1,-1,Süper Lig - Turkey,3082058
Konyaspor,Istanbul Basaksehir,2020-07-13,4,3,7,y,3,1,1,3,4,1,2,2,1,3,5,3,8,-1,-1,-1,-1,-1,Süper Lig - Turkey,3082061
Kayserispor,Gaziantep FK,2020-07-13,1,1,2,y,0,0,0,0,0,1,1,1,1,2,5,4,9,-1,-1,-1,-1,-1,Süper Lig - Turkey,3082062
Yeni Malatyaspor,Beşiktaş,2020-07-13,0,1,1,n,0,0,0,0,0,0,1,1,0,1,0,2,2,-1,-1,-1,-1,-1,Süper Lig - Turkey,3082063
Rizespor,Yeni Malatyaspor,2020-07-19,3,0,3,n,3,0,0,3,3,0,0,0,0,0,3,1,4,-1,-1,-1,-1,-1,Süper Lig - Turkey,3082065
Trabzonspor,Konyaspor,2020-07-19,3,4,7,y,1,1,1,1,2,2,3,3,2,5,2,0,2,-1,-1,-1,-1,-1,Süper Lig - Turkey,3082066
Galatasaray,Göztepe,2020-07-18,3,1,4,y,0,0,0,0,0,3,1,1,3,4,2,2,4,-1,-1,-1,-1,-1,Süper Lig - Turkey,3082067
Ankaragücü,Antalyaspor,2020-07-19,0,1,1,n,0,0,0,0,0,0,1,1,0,1,4,3,7,-1,-1,-1,-1,-1,Süper Lig - Turkey,3082068
Sivasspor,Gençlerbirliği,2020-07-19,2,0,2,n,1,0,0,1,1,1,0,0,1,1,2,1,3,-1,-1,-1,-1,-1,Süper Lig - Turkey,3082069
Beşiktaş,Fenerbahçe,2020-07-19,2,0,2,n,0,0,0,0,0,2,0,0,2,2,3,6,9,-1,-1,-1,-1,-1,Süper Lig - Turkey,3082070
Gaziantep FK,Kasımpaşa,2020-07-18,2,2,4,y,1,2,2,1,3,1,0,0,1,1,2,0,2,-1,-1,-1,-1,-1,Süper Lig - Turkey,3082071
Istanbul Basaksehir,Kayserispor,2020-07-19,1,0,1,n,1,0,0,1,1,0,0,0,0,0,2,0,2,-1,-1,-1,-1,-1,Süper Lig - Turkey,3082072
Alanyaspor,Denizlispor,2020-07-19,1,0,1,n,0,0,0,0,0,1,0,0,1,1,1,1,2,-1,-1,-1,-1,-1,Süper Lig - Turkey,3082073
Antalyaspor,Galatasaray,2020-07-24,2,2,4,y,1,0,0,1,1,1,2,2,1,3,0,1,1,-1,-1,-1,-1,-1,Süper Lig - Turkey,3082082
Göztepe,Sivasspor,2020-07-25,3,1,4,y,1,0,0,1,1,2,1,1,2,3,5,3,8,-1,-1,-1,-1,-1,Süper Lig - Turkey,3082074
Kasımpaşa,Istanbul Basaksehir,2020-07-26,3,2,5,y,2,0,0,2,2,1,2,2,1,3,1,2,3,-1,-1,-1,-1,-1,Süper Lig - Turkey,3082075
Gençlerbirliği,Beşiktaş,2020-07-25,0,3,3,n,0,0,0,0,0,0,3,3,0,3,2,3,5,-1,-1,-1,-1,-1,Süper Lig - Turkey,3082076
Denizlispor,Ankaragücü,2020-07-25,0,1,1,n,0,0,0,0,0,0,1,1,0,1,2,1,3,-1,-1,-1,-1,-1,Süper Lig - Turkey,3082077
Konyaspor,Alanyaspor,2020-07-25,2,3,5,y,2,0,0,2,2,0,3,3,0,3,1,2,3,-1,-1,-1,-1,-1,Süper Lig - Turkey,3082078
Kayserispor,Trabzonspor,2020-07-25,1,2,3,y,0,0,0,0,0,1,2,2,1,3,2,1,3,-1,-1,-1,-1,-1,Süper Lig - Turkey,3082079
Yeni Malatyaspor,Gaziantep FK,2020-07-25,0,1,1,n,0,0,0,0,0,0,1,1,0,1,1,0,1,-1,-1,-1,-1,-1,Süper Lig - Turkey,3082080
Fenerbahçe,Rizespor,2020-07-25,3,1,4,y,1,0,0,1,1,2,1,1,2,3,1,0,1,-1,-1,-1,-1,-1,Süper Lig - Turkey,3082081
