Hapoel Tel Aviv,Maccabi Netanya,2019-08-26,0,0,0,n,0,0,0,0,0,0,0,0,0,0,2,4,6,4,4,4,4,8,Ligat ha'Al - Israel,3033612
Sektzia Nes Tziona,Maccabi Tel Aviv,2019-08-24,0,2,2,n,0,2,2,0,2,0,0,0,0,0,1,2,3,2,5,5,2,7,Ligat ha'Al - Israel,3033613
Bnei Yehuda,Ironi Kiryat Shmona,2019-08-25,2,1,3,y,0,1,1,0,1,2,0,0,2,2,2,6,8,16,3,3,16,19,Ligat ha'Al - Israel,3033614
Hapoel Kfar Saba,Hapoel Haifa,2019-08-25,0,1,1,n,0,0,0,0,0,0,1,1,0,1,4,3,7,3,6,6,3,9,Ligat ha'Al - Israel,3033615
Maccabi Haifa,Hapoel Ra'anana,2019-08-24,4,3,7,y,2,2,2,2,4,2,1,1,2,3,5,1,6,12,1,1,12,13,Ligat ha'Al - Israel,3033616
Beitar Jerusalem,Hapoel Be'er Sheva,2019-08-25,0,0,0,n,0,0,0,0,0,0,0,0,0,0,4,7,11,6,3,3,6,9,Ligat ha'Al - Israel,3033617
Hapoel Hadera,Ashdod,2019-08-24,1,1,2,y,0,1,1,0,1,1,0,0,1,1,1,2,3,5,4,4,5,9,Ligat ha'Al - Israel,3033618
Ashdod,Hapoel Tel Aviv,2019-08-31,2,1,3,y,0,0,0,0,0,2,1,1,2,3,2,0,2,11,10,10,11,21,Ligat ha'Al - Israel,3033619
Hapoel Be'er Sheva,Hapoel Hadera,2019-09-01,3,0,3,n,1,0,0,1,1,2,0,0,2,2,2,5,7,11,2,2,11,13,Ligat ha'Al - Israel,3033620
Hapoel Ra'anana,Beitar Jerusalem,2019-09-01,2,1,3,y,1,0,0,1,1,1,1,1,1,2,4,3,7,2,9,9,2,11,Ligat ha'Al - Israel,3033621
Hapoel Haifa,Maccabi Haifa,2019-08-31,0,0,0,n,0,0,0,0,0,0,0,0,0,0,3,4,7,3,8,8,3,11,Ligat ha'Al - Israel,3033622
Ironi Kiryat Shmona,Hapoel Kfar Saba,2019-09-02,1,3,4,y,0,2,2,0,2,1,1,1,1,2,1,3,4,5,6,6,5,11,Ligat ha'Al - Israel,3033623
Maccabi Tel Aviv,Bnei Yehuda,2019-09-01,0,0,0,n,0,0,0,0,0,0,0,0,0,0,6,3,9,3,4,4,3,7,Ligat ha'Al - Israel,3033624
Maccabi Netanya,Sektzia Nes Tziona,2019-08-31,3,0,3,n,2,0,0,2,2,1,0,0,1,1,2,1,3,5,9,9,5,14,Ligat ha'Al - Israel,3033625
Hapoel Tel Aviv,Sektzia Nes Tziona,2019-09-14,1,1,2,y,1,0,0,1,1,0,1,1,0,1,1,6,7,-1,-1,-1,-1,-1,Ligat ha'Al - Israel,3033626
Bnei Yehuda,Maccabi Netanya,2019-09-15,0,0,0,n,0,0,0,0,0,0,0,0,0,0,2,5,7,5,8,8,5,13,Ligat ha'Al - Israel,3033627
Hapoel Kfar Saba,Maccabi Tel Aviv,2019-09-14,0,1,1,n,0,1,1,0,1,0,0,0,0,0,4,1,5,3,5,5,3,8,Ligat ha'Al - Israel,3033628
Maccabi Haifa,Ironi Kiryat Shmona,2019-09-14,2,0,2,n,0,0,0,0,0,2,0,0,2,2,1,1,2,5,4,4,5,9,Ligat ha'Al - Israel,3033629
Beitar Jerusalem,Hapoel Haifa,2019-09-16,0,2,2,n,0,1,1,0,1,0,1,1,0,1,1,2,3,11,1,1,11,12,Ligat ha'Al - Israel,3033630
Hapoel Hadera,Hapoel Ra'anana,2019-09-14,4,0,4,n,1,0,0,1,1,3,0,0,3,3,1,3,4,4,5,5,4,9,Ligat ha'Al - Israel,3033631
Ashdod,Hapoel Be'er Sheva,2019-09-15,2,2,4,y,1,1,1,1,2,1,1,1,1,2,6,2,8,4,3,3,4,7,Ligat ha'Al - Israel,3033632
Hapoel Be'er Sheva,Hapoel Tel Aviv,2019-09-23,3,0,3,n,1,0,0,1,1,2,0,0,2,2,2,4,6,4,2,2,4,6,Ligat ha'Al - Israel,3033633
Hapoel Ra'anana,Ashdod,2019-09-22,1,1,2,y,1,0,0,1,1,0,1,1,0,1,4,2,6,3,3,3,3,6,Ligat ha'Al - Israel,3033634
Hapoel Haifa,Hapoel Hadera,2019-09-22,1,2,3,y,0,1,1,0,1,1,1,1,1,2,4,6,10,9,1,1,9,10,Ligat ha'Al - Israel,3033635
Ironi Kiryat Shmona,Beitar Jerusalem,2019-09-21,0,2,2,n,0,0,0,0,0,0,2,2,0,2,1,3,4,5,6,6,5,11,Ligat ha'Al - Israel,3033636
Maccabi Tel Aviv,Maccabi Haifa,2019-09-21,1,0,1,n,1,0,0,1,1,0,0,0,0,0,4,4,8,4,2,2,4,6,Ligat ha'Al - Israel,3033637
Maccabi Netanya,Hapoel Kfar Saba,2019-09-21,2,2,4,y,0,0,0,0,0,2,2,2,2,4,4,3,7,3,5,5,3,8,Ligat ha'Al - Israel,3033638
Sektzia Nes Tziona,Bnei Yehuda,2019-09-21,0,1,1,n,0,1,1,0,1,0,0,0,0,0,0,1,1,5,1,1,5,6,Ligat ha'Al - Israel,3033639
Hapoel Tel Aviv,Bnei Yehuda,2019-09-28,1,1,2,y,0,1,1,0,1,1,0,0,1,1,3,3,6,3,5,5,3,8,Ligat ha'Al - Israel,3033640
Hapoel Kfar Saba,Sektzia Nes Tziona,2019-09-25,1,1,2,y,1,1,1,1,2,0,0,0,0,0,3,2,5,3,1,1,3,4,Ligat ha'Al - Israel,3033641
Maccabi Haifa,Maccabi Netanya,2019-09-25,3,0,3,n,2,0,0,2,2,1,0,0,1,1,0,6,6,4,6,6,4,10,Ligat ha'Al - Israel,3033642
Beitar Jerusalem,Maccabi Tel Aviv,2019-09-28,0,4,4,n,0,1,1,0,1,0,3,3,0,3,6,4,10,8,2,2,8,10,Ligat ha'Al - Israel,3033643
Hapoel Hadera,Ironi Kiryat Shmona,2019-09-28,2,2,4,y,1,1,1,1,2,1,1,1,1,2,1,3,4,1,6,6,1,7,Ligat ha'Al - Israel,3033644
Ashdod,Hapoel Haifa,2019-09-28,1,1,2,y,0,0,0,0,0,1,1,1,1,2,2,3,5,5,7,7,5,12,Ligat ha'Al - Israel,3033645
Hapoel Be'er Sheva,Hapoel Ra'anana,2019-09-28,1,0,1,n,1,0,0,1,1,0,0,0,0,0,3,5,8,6,3,3,6,9,Ligat ha'Al - Israel,3033646
Hapoel Ra'anana,Hapoel Tel Aviv,2019-10-06,2,2,4,y,1,1,1,1,2,1,1,1,1,2,2,2,4,5,4,4,5,9,Ligat ha'Al - Israel,3033647
Hapoel Haifa,Hapoel Be'er Sheva,2019-10-05,0,3,3,n,0,1,1,0,1,0,2,2,0,2,2,3,5,9,3,3,9,12,Ligat ha'Al - Israel,3033648
Ironi Kiryat Shmona,Ashdod,2019-10-07,2,0,2,n,2,0,0,2,2,0,0,0,0,0,6,1,7,2,6,6,2,8,Ligat ha'Al - Israel,3033649
Maccabi Tel Aviv,Hapoel Hadera,2019-10-05,0,0,0,n,0,0,0,0,0,0,0,0,0,0,1,2,3,9,3,3,9,12,Ligat ha'Al - Israel,3033650
Maccabi Netanya,Beitar Jerusalem,2019-10-06,0,3,3,n,0,3,3,0,3,0,0,0,0,0,3,3,6,4,1,1,4,5,Ligat ha'Al - Israel,3033651
Sektzia Nes Tziona,Maccabi Haifa,2019-10-05,0,3,3,n,0,0,0,0,0,0,3,3,0,3,2,2,4,2,12,12,2,14,Ligat ha'Al - Israel,3033652
Bnei Yehuda,Hapoel Kfar Saba,2019-10-06,0,1,1,n,0,1,1,0,1,0,0,0,0,0,2,4,6,3,4,4,3,7,Ligat ha'Al - Israel,3033653
Hapoel Tel Aviv,Hapoel Kfar Saba,2019-10-19,2,1,3,y,0,1,1,0,1,2,0,0,2,2,1,2,3,3,2,2,3,5,Ligat ha'Al - Israel,3033654
Maccabi Haifa,Bnei Yehuda,2019-10-21,1,1,2,y,0,0,0,0,0,1,1,1,1,2,5,3,8,0,4,4,0,4,Ligat ha'Al - Israel,3033655
Hapoel Hadera,Maccabi Netanya,2019-10-19,1,0,1,n,0,0,0,0,0,1,0,0,1,1,5,6,11,1,8,8,1,9,Ligat ha'Al - Israel,3033657
Ashdod,Maccabi Tel Aviv,2019-10-21,0,1,1,n,0,0,0,0,0,0,1,1,0,1,4,3,7,4,8,8,4,12,Ligat ha'Al - Israel,3033658
Hapoel Ra'anana,Hapoel Haifa,2019-10-21,0,0,0,n,0,0,0,0,0,0,0,0,0,0,4,3,7,3,7,7,3,10,Ligat ha'Al - Israel,3033660
Hapoel Haifa,Hapoel Tel Aviv,2019-10-26,3,0,3,n,2,0,0,2,2,1,0,0,1,1,4,3,7,5,7,7,5,12,Ligat ha'Al - Israel,3033661
Ironi Kiryat Shmona,Hapoel Ra'anana,2019-10-26,2,1,3,y,1,0,0,1,1,1,1,1,1,2,4,2,6,5,6,6,5,11,Ligat ha'Al - Israel,3033662
Maccabi Tel Aviv,Hapoel Be'er Sheva,2019-10-28,2,0,2,n,1,0,0,1,1,1,0,0,1,1,1,5,6,12,5,5,12,17,Ligat ha'Al - Israel,3033663
Maccabi Netanya,Ashdod,2019-10-26,2,4,6,y,1,2,2,1,3,1,2,2,1,3,5,1,6,4,5,5,4,9,Ligat ha'Al - Israel,3033664
Sektzia Nes Tziona,Hapoel Hadera,2019-10-27,2,2,4,y,1,1,1,1,2,1,1,1,1,2,2,2,4,3,3,3,3,6,Ligat ha'Al - Israel,3033665
Bnei Yehuda,Beitar Jerusalem,2019-10-27,0,2,2,n,0,1,1,0,1,0,1,1,0,1,3,2,5,2,6,6,2,8,Ligat ha'Al - Israel,3033666
Hapoel Kfar Saba,Maccabi Haifa,2019-10-26,0,3,3,n,0,1,1,0,1,0,2,2,0,2,3,1,4,2,7,7,2,9,Ligat ha'Al - Israel,3033667
Hapoel Tel Aviv,Maccabi Haifa,2019-11-04,1,2,3,y,1,0,0,1,1,0,2,2,0,2,2,3,5,3,6,6,3,9,Ligat ha'Al - Israel,3033668
Beitar Jerusalem,Hapoel Kfar Saba,2019-11-02,1,0,1,n,0,0,0,0,0,1,0,0,1,1,0,2,2,-1,-1,-1,-1,-1,Ligat ha'Al - Israel,3033669
Hapoel Hadera,Bnei Yehuda,2019-11-02,0,0,0,n,0,0,0,0,0,0,0,0,0,0,3,3,6,4,2,2,4,6,Ligat ha'Al - Israel,3033670
Ashdod,Sektzia Nes Tziona,2019-11-03,2,2,4,y,0,1,1,0,1,2,1,1,2,3,1,3,4,5,3,3,5,8,Ligat ha'Al - Israel,3033671
Hapoel Be'er Sheva,Maccabi Netanya,2019-11-03,2,0,2,n,1,0,0,1,1,1,0,0,1,1,0,3,3,5,3,3,5,8,Ligat ha'Al - Israel,3033672
Hapoel Ra'anana,Maccabi Tel Aviv,2019-11-02,0,2,2,n,0,1,1,0,1,0,1,1,0,1,4,0,4,5,4,4,5,9,Ligat ha'Al - Israel,3033673
Hapoel Haifa,Ironi Kiryat Shmona,2019-11-02,2,1,3,y,2,1,1,2,3,0,0,0,0,0,1,4,5,5,6,6,5,11,Ligat ha'Al - Israel,3033674
Ironi Kiryat Shmona,Hapoel Tel Aviv,2019-11-09,0,1,1,n,0,1,1,0,1,0,0,0,0,0,2,3,5,8,1,1,8,9,Ligat ha'Al - Israel,3033675
Maccabi Tel Aviv,Hapoel Haifa,2019-11-09,3,0,3,n,1,0,0,1,1,2,0,0,2,2,2,3,5,8,3,3,8,11,Ligat ha'Al - Israel,3033676
Maccabi Netanya,Hapoel Ra'anana,2019-11-09,1,0,1,n,0,0,0,0,0,1,0,0,1,1,3,0,3,6,4,4,6,10,Ligat ha'Al - Israel,3033677
Sektzia Nes Tziona,Hapoel Be'er Sheva,2019-11-09,2,1,3,y,0,0,0,0,0,2,1,1,2,3,5,4,9,6,6,6,6,12,Ligat ha'Al - Israel,3033678
Bnei Yehuda,Ashdod,2019-11-10,2,0,2,n,1,0,0,1,1,1,0,0,1,1,1,2,3,3,1,1,3,4,Ligat ha'Al - Israel,3033679
Hapoel Kfar Saba,Hapoel Hadera,2019-11-10,0,0,0,n,0,0,0,0,0,0,0,0,0,0,1,4,5,2,6,6,2,8,Ligat ha'Al - Israel,3033680
Maccabi Haifa,Beitar Jerusalem,2019-11-10,3,1,4,y,0,1,1,0,1,3,0,0,3,3,1,3,4,10,4,4,10,14,Ligat ha'Al - Israel,3033681
Hapoel Tel Aviv,Beitar Jerusalem,2019-12-01,0,1,1,n,0,1,1,0,1,0,0,0,0,0,4,4,8,7,4,4,7,11,Ligat ha'Al - Israel,3033682
Hapoel Hadera,Maccabi Haifa,2019-12-01,0,3,3,n,0,2,2,0,2,0,1,1,0,1,2,3,5,1,9,9,1,10,Ligat ha'Al - Israel,3033683
Ashdod,Hapoel Kfar Saba,2019-11-30,0,0,0,n,0,0,0,0,0,0,0,0,0,0,1,3,4,4,5,5,4,9,Ligat ha'Al - Israel,3033684
Hapoel Be'er Sheva,Bnei Yehuda,2019-11-30,1,2,3,y,1,0,0,1,1,0,2,2,0,2,2,2,4,6,0,0,6,6,Ligat ha'Al - Israel,3033685
Hapoel Ra'anana,Sektzia Nes Tziona,2019-11-30,0,0,0,n,0,0,0,0,0,0,0,0,0,0,3,4,7,8,4,4,8,12,Ligat ha'Al - Israel,3033686
Hapoel Haifa,Maccabi Netanya,2019-11-30,1,3,4,y,0,1,1,0,1,1,2,2,1,3,2,4,6,7,4,4,7,11,Ligat ha'Al - Israel,3033687
Ironi Kiryat Shmona,Maccabi Tel Aviv,2019-11-30,0,1,1,n,0,1,1,0,1,0,0,0,0,0,7,1,8,6,6,6,6,12,Ligat ha'Al - Israel,3033688
Hapoel Tel Aviv,Maccabi Tel Aviv,2019-12-04,0,3,3,n,0,1,1,0,1,0,2,2,0,2,4,4,8,4,2,2,4,6,Ligat ha'Al - Israel,3033689
Maccabi Netanya,Ironi Kiryat Shmona,2019-12-03,1,0,1,n,1,0,0,1,1,0,0,0,0,0,4,3,7,2,6,6,2,8,Ligat ha'Al - Israel,3033690
Sektzia Nes Tziona,Hapoel Haifa,2019-12-04,1,2,3,y,1,1,1,1,2,0,1,1,0,1,2,0,2,4,7,7,4,11,Ligat ha'Al - Israel,3033691
Bnei Yehuda,Hapoel Ra'anana,2019-12-03,1,1,2,y,0,1,1,0,1,1,0,0,1,1,2,1,3,5,4,4,5,9,Ligat ha'Al - Israel,3033692
Hapoel Kfar Saba,Hapoel Be'er Sheva,2019-12-03,0,1,1,n,0,1,1,0,1,0,0,0,0,0,2,2,4,3,11,11,3,14,Ligat ha'Al - Israel,3033693
Maccabi Haifa,Ashdod,2019-12-04,3,3,6,y,0,1,1,0,1,3,2,2,3,5,2,5,7,20,2,2,20,22,Ligat ha'Al - Israel,3033694
Beitar Jerusalem,Hapoel Hadera,2019-12-04,2,0,2,n,2,0,0,2,2,0,0,0,0,0,4,3,7,9,4,4,9,13,Ligat ha'Al - Israel,3033695
Hapoel Hadera,Hapoel Tel Aviv,2019-12-08,0,1,1,n,0,1,1,0,1,0,0,0,0,0,2,1,3,6,3,3,6,9,Ligat ha'Al - Israel,3033696
Ashdod,Beitar Jerusalem,2019-12-08,2,2,4,y,1,1,1,1,2,1,1,1,1,2,4,3,7,0,12,12,0,12,Ligat ha'Al - Israel,3033697
Hapoel Be'er Sheva,Maccabi Haifa,2019-12-09,0,2,2,n,0,2,2,0,2,0,0,0,0,0,3,8,11,10,5,5,10,15,Ligat ha'Al - Israel,3033698
Hapoel Ra'anana,Hapoel Kfar Saba,2019-12-07,1,1,2,y,1,0,0,1,1,0,1,1,0,1,4,4,8,5,4,4,5,9,Ligat ha'Al - Israel,3033699
Hapoel Haifa,Bnei Yehuda,2019-12-07,3,0,3,n,1,0,0,1,1,2,0,0,2,2,1,3,4,2,5,5,2,7,Ligat ha'Al - Israel,3033700
Ironi Kiryat Shmona,Sektzia Nes Tziona,2019-12-07,1,0,1,n,0,0,0,0,0,1,0,0,1,1,4,2,6,2,4,4,2,6,Ligat ha'Al - Israel,3033701
Maccabi Tel Aviv,Maccabi Netanya,2019-12-07,0,0,0,n,0,0,0,0,0,0,0,0,0,0,3,2,5,6,2,2,6,8,Ligat ha'Al - Israel,3033702
Maccabi Netanya,Hapoel Tel Aviv,2019-12-15,4,0,4,n,2,0,0,2,2,2,0,0,2,2,3,6,9,3,2,2,3,5,Ligat ha'Al - Israel,3033703
Maccabi Tel Aviv,Sektzia Nes Tziona,2019-12-14,1,1,2,y,1,1,1,1,2,0,0,0,0,0,0,1,1,12,5,5,12,17,Ligat ha'Al - Israel,3033704
Ironi Kiryat Shmona,Bnei Yehuda,2019-12-14,2,1,3,y,2,0,0,2,2,0,1,1,0,1,2,1,3,3,10,10,3,13,Ligat ha'Al - Israel,3033705
Hapoel Haifa,Hapoel Kfar Saba,2019-12-14,0,2,2,n,0,1,1,0,1,0,1,1,0,1,3,2,5,7,1,1,7,8,Ligat ha'Al - Israel,3033706
Hapoel Ra'anana,Maccabi Haifa,2019-12-14,0,0,0,n,0,0,0,0,0,0,0,0,0,0,1,1,2,3,10,10,3,13,Ligat ha'Al - Israel,3033707
Hapoel Be'er Sheva,Beitar Jerusalem,2019-12-16,0,1,1,n,0,1,1,0,1,0,0,0,0,0,3,7,10,1,8,8,1,9,Ligat ha'Al - Israel,3033708
Ashdod,Hapoel Hadera,2019-12-15,0,2,2,n,0,1,1,0,1,0,1,1,0,1,3,2,5,6,2,2,6,8,Ligat ha'Al - Israel,3033709
Sektzia Nes Tziona,Beitar Jerusalem,2019-10-19,0,4,4,n,0,2,2,0,2,0,2,2,0,2,3,2,5,10,6,6,10,16,Ligat ha'Al - Israel,3033747
Hapoel Be'er Sheva,Ironi Kiryat Shmona,2019-10-19,2,1,3,y,1,0,0,1,1,1,1,1,1,2,3,4,7,1,5,5,1,6,Ligat ha'Al - Israel,3033750
Hapoel Tel Aviv,Ashdod,2019-12-25,0,0,0,n,0,0,0,0,0,0,0,0,0,0,0,1,1,13,3,3,13,16,Ligat ha'Al - Israel,3033710
Hapoel Hadera,Hapoel Be'er Sheva,2019-12-24,0,1,1,n,0,0,0,0,0,0,1,1,0,1,2,3,5,0,8,8,0,8,Ligat ha'Al - Israel,3033711
Beitar Jerusalem,Hapoel Ra'anana,2019-12-25,2,0,2,n,1,0,0,1,1,1,0,0,1,1,3,4,7,6,3,3,6,9,Ligat ha'Al - Israel,3033712
Maccabi Haifa,Hapoel Haifa,2019-12-24,3,0,3,n,0,0,0,0,0,3,0,0,3,3,2,1,3,5,1,1,5,6,Ligat ha'Al - Israel,3033713
Hapoel Kfar Saba,Ironi Kiryat Shmona,2019-12-24,0,3,3,n,0,1,1,0,1,0,2,2,0,2,1,2,3,4,3,3,4,7,Ligat ha'Al - Israel,3033714
Bnei Yehuda,Maccabi Tel Aviv,2019-12-24,0,3,3,n,0,2,2,0,2,0,1,1,0,1,0,2,2,3,6,6,3,9,Ligat ha'Al - Israel,3033715
Sektzia Nes Tziona,Maccabi Netanya,2019-12-25,1,0,1,n,1,0,0,1,1,0,0,0,0,0,3,4,7,1,5,5,1,6,Ligat ha'Al - Israel,3033716
Sektzia Nes Tziona,Hapoel Tel Aviv,2019-12-29,0,1,1,n,0,1,1,0,1,0,0,0,0,0,0,1,1,2,6,6,2,8,Ligat ha'Al - Israel,3033717
Maccabi Netanya,Bnei Yehuda,2019-12-29,0,3,3,n,0,2,2,0,2,0,1,1,0,1,2,3,5,4,3,3,4,7,Ligat ha'Al - Israel,3033718
Maccabi Tel Aviv,Hapoel Kfar Saba,2019-12-28,4,0,4,n,1,0,0,1,1,3,0,0,3,3,0,1,1,3,1,1,3,4,Ligat ha'Al - Israel,3033719
Ironi Kiryat Shmona,Maccabi Haifa,2019-12-28,1,2,3,y,0,1,1,0,1,1,1,1,1,2,1,1,2,1,4,4,1,5,Ligat ha'Al - Israel,3033720
Hapoel Ra'anana,Hapoel Hadera,2019-12-28,1,1,2,y,1,0,0,1,1,0,1,1,0,1,4,3,7,4,4,4,4,8,Ligat ha'Al - Israel,3033722
Hapoel Be'er Sheva,Ashdod,2019-12-28,2,1,3,y,0,1,1,0,1,2,0,0,2,2,1,5,6,17,3,3,17,20,Ligat ha'Al - Israel,3033723
Hapoel Haifa,Beitar Jerusalem,2019-12-30,1,4,5,y,0,3,3,0,3,1,1,1,1,2,2,3,5,3,4,4,3,7,Ligat ha'Al - Israel,3033721
Hapoel Tel Aviv,Hapoel Be'er Sheva,2020-01-05,1,0,1,n,1,0,0,1,1,0,0,0,0,0,0,0,0,9,8,8,9,17,Ligat ha'Al - Israel,3033724
Hapoel Hadera,Hapoel Haifa,2020-01-04,2,0,2,n,0,0,0,0,0,2,0,0,2,2,0,0,0,6,3,3,6,9,Ligat ha'Al - Israel,3033726
Beitar Jerusalem,Ironi Kiryat Shmona,2020-01-04,2,2,4,y,1,2,2,1,3,1,0,0,1,1,-1,-1,-1,6,3,3,6,9,Ligat ha'Al - Israel,3033727
Hapoel Kfar Saba,Maccabi Netanya,2020-01-04,1,2,3,y,0,0,0,0,0,1,2,2,1,3,-1,-1,-1,6,5,5,6,11,Ligat ha'Al - Israel,3033729
Ashdod,Hapoel Ra'anana,2020-01-05,3,0,3,n,1,0,0,1,1,2,0,0,2,2,-1,-1,-1,2,6,6,2,8,Ligat ha'Al - Israel,3033725
Bnei Yehuda,Sektzia Nes Tziona,2020-01-06,1,2,3,y,0,0,0,0,0,1,2,2,1,3,2,2,4,6,3,3,6,9,Ligat ha'Al - Israel,3033730
Maccabi Haifa,Maccabi Tel Aviv,2020-01-06,3,4,7,y,0,1,1,0,1,3,3,3,3,6,1,5,6,8,6,6,8,14,Ligat ha'Al - Israel,3033728
Bnei Yehuda,Hapoel Tel Aviv,2020-01-12,1,2,3,y,1,1,1,1,2,0,1,1,0,1,0,3,3,2,6,6,2,8,Ligat ha'Al - Israel,3033731
Sektzia Nes Tziona,Hapoel Kfar Saba,2020-01-12,0,1,1,n,0,1,1,0,1,0,0,0,0,0,0,2,2,10,3,3,10,13,Ligat ha'Al - Israel,3033732
Maccabi Netanya,Maccabi Haifa,2020-01-11,0,2,2,n,0,0,0,0,0,0,2,2,0,2,1,1,2,7,7,7,7,14,Ligat ha'Al - Israel,3033733
Ironi Kiryat Shmona,Hapoel Hadera,2020-01-11,0,1,1,n,0,1,1,0,1,0,0,0,0,0,1,4,5,8,2,2,8,10,Ligat ha'Al - Israel,3033735
Hapoel Haifa,Ashdod,2020-01-11,1,0,1,n,0,0,0,0,0,1,0,0,1,1,1,3,4,3,5,5,3,8,Ligat ha'Al - Israel,3033736
Hapoel Ra'anana,Hapoel Be'er Sheva,2020-01-11,2,1,3,y,0,0,0,0,0,2,1,1,2,3,6,2,8,3,5,5,3,8,Ligat ha'Al - Israel,3033737
Maccabi Tel Aviv,Beitar Jerusalem,2020-01-13,0,0,0,n,0,0,0,0,0,0,0,0,0,0,1,4,5,5,2,2,5,7,Ligat ha'Al - Israel,3033734
Maccabi Haifa,Sektzia Nes Tziona,2020-01-18,4,0,4,n,0,0,0,0,0,4,0,0,4,4,1,2,3,12,0,0,12,12,Ligat ha'Al - Israel,3033743
Ashdod,Ironi Kiryat Shmona,2020-01-18,1,0,1,n,1,0,0,1,1,0,0,0,0,0,2,2,4,9,4,4,9,13,Ligat ha'Al - Israel,3033740
Hapoel Hadera,Maccabi Tel Aviv,2020-01-18,0,3,3,n,0,1,1,0,1,0,2,2,0,2,2,2,4,2,9,9,2,11,Ligat ha'Al - Israel,3033741
Hapoel Tel Aviv,Hapoel Ra'anana,2020-01-19,3,1,4,y,1,1,1,1,2,2,0,0,2,2,-1,-1,-1,8,4,4,8,12,Ligat ha'Al - Israel,3033738
Hapoel Be'er Sheva,Hapoel Haifa,2020-01-20,1,0,1,n,0,0,0,0,0,1,0,0,1,1,2,2,4,6,4,4,6,10,Ligat ha'Al - Israel,3033739
Hapoel Kfar Saba,Bnei Yehuda,2020-01-20,0,1,1,n,0,0,0,0,0,0,1,1,0,1,3,2,5,3,7,7,3,10,Ligat ha'Al - Israel,3033744
Beitar Jerusalem,Maccabi Netanya,2020-01-20,3,1,4,y,1,1,1,1,2,2,0,0,2,2,3,3,6,6,2,2,6,8,Ligat ha'Al - Israel,3033742
Beitar Jerusalem,Sektzia Nes Tziona,2020-01-26,1,0,1,n,1,0,0,1,1,0,0,0,0,0,-1,-1,-1,6,0,0,6,6,Ligat ha'Al - Israel,3033656
Maccabi Netanya,Hapoel Hadera,2020-01-26,1,0,1,n,0,0,0,0,0,1,0,0,1,1,-1,-1,-1,5,4,4,5,9,Ligat ha'Al - Israel,3033748
Maccabi Tel Aviv,Ashdod,2020-01-25,2,0,2,n,1,0,0,1,1,1,0,0,1,1,1,3,4,10,3,3,10,13,Ligat ha'Al - Israel,3033749
Hapoel Haifa,Hapoel Ra'anana,2020-01-25,2,2,4,y,0,2,2,0,2,2,0,0,2,2,5,2,7,10,2,2,10,12,Ligat ha'Al - Israel,3033751
Hapoel Kfar Saba,Hapoel Tel Aviv,2020-01-25,1,2,3,y,1,1,1,1,2,0,1,1,0,1,5,3,8,1,5,5,1,6,Ligat ha'Al - Israel,3033745
Ironi Kiryat Shmona,Hapoel Be'er Sheva,2020-01-25,0,0,0,n,0,0,0,0,0,0,0,0,0,0,2,2,4,5,5,5,5,10,Ligat ha'Al - Israel,3033659
Bnei Yehuda,Maccabi Haifa,2020-01-27,1,3,4,y,0,2,2,0,2,1,1,1,1,2,1,2,3,4,3,3,4,7,Ligat ha'Al - Israel,3033746
Hapoel Ra'anana,Ironi Kiryat Shmona,2020-01-29,1,1,2,y,1,0,0,1,1,0,1,1,0,1,-1,-1,-1,2,5,5,2,7,Ligat ha'Al - Israel,3033753
Hapoel Be'er Sheva,Maccabi Tel Aviv,2020-01-29,1,1,2,y,0,0,0,0,0,1,1,1,1,2,-1,-1,-1,1,3,3,1,4,Ligat ha'Al - Israel,3033754
Beitar Jerusalem,Bnei Yehuda,2020-02-02,1,3,4,y,1,0,0,1,1,0,3,3,0,3,7,3,10,1,6,6,1,7,Ligat ha'Al - Israel,3033757
Ashdod,Maccabi Netanya,2020-02-01,0,0,0,n,0,0,0,0,0,0,0,0,0,0,3,3,6,10,6,6,10,16,Ligat ha'Al - Israel,3033755
Maccabi Haifa,Hapoel Kfar Saba,2020-02-01,0,1,1,n,0,0,0,0,0,0,1,1,0,1,-1,-1,-1,10,2,2,10,12,Ligat ha'Al - Israel,3033758
Hapoel Hadera,Sektzia Nes Tziona,2020-02-01,1,0,1,n,0,0,0,0,0,1,0,0,1,1,3,3,6,8,2,2,8,10,Ligat ha'Al - Israel,3033756
Hapoel Tel Aviv,Hapoel Haifa,2020-02-01,0,1,1,n,0,1,1,0,1,0,0,0,0,0,2,2,4,3,3,3,3,6,Ligat ha'Al - Israel,3033752
Maccabi Tel Aviv,Hapoel Ra'anana,2020-02-03,2,1,3,y,0,0,0,0,0,2,1,1,2,3,-1,-1,-1,9,0,0,9,9,Ligat ha'Al - Israel,3033764
Maccabi Haifa,Hapoel Tel Aviv,2020-02-04,5,0,5,n,3,0,0,3,3,2,0,0,2,2,1,1,2,9,0,0,9,9,Ligat ha'Al - Israel,3033759
Hapoel Kfar Saba,Beitar Jerusalem,2020-02-05,2,1,3,y,1,1,1,1,2,1,0,0,1,1,3,3,6,2,8,8,2,10,Ligat ha'Al - Israel,3033760
Bnei Yehuda,Hapoel Hadera,2020-02-05,0,1,1,n,0,1,1,0,1,0,0,0,0,0,1,1,2,7,2,2,7,9,Ligat ha'Al - Israel,3033761
Maccabi Netanya,Hapoel Be'er Sheva,2020-02-05,1,1,2,y,1,1,1,1,2,0,0,0,0,0,7,0,7,2,4,4,2,6,Ligat ha'Al - Israel,3033763
Ironi Kiryat Shmona,Hapoel Haifa,2020-02-04,1,2,3,y,0,0,0,0,0,1,2,2,1,3,2,2,4,10,7,7,10,17,Ligat ha'Al - Israel,3033765
Sektzia Nes Tziona,Ashdod,2020-02-04,0,2,2,n,0,1,1,0,1,0,1,1,0,1,4,0,4,4,0,0,4,4,Ligat ha'Al - Israel,3033762
Hapoel Haifa,Maccabi Tel Aviv,2020-02-08,1,1,2,y,0,1,1,0,1,1,0,0,1,1,-1,-1,-1,4,5,5,4,9,Ligat ha'Al - Israel,3033767
Hapoel Ra'anana,Maccabi Netanya,2020-02-08,1,2,3,y,1,0,0,1,1,0,2,2,0,2,-1,-1,-1,1,5,5,1,6,Ligat ha'Al - Israel,3033768
Hapoel Tel Aviv,Ironi Kiryat Shmona,2020-02-08,2,0,2,n,0,0,0,0,0,2,0,0,2,2,2,4,6,10,7,7,10,17,Ligat ha'Al - Israel,3033766
Hapoel Hadera,Hapoel Kfar Saba,2020-02-08,2,0,2,n,1,0,0,1,1,1,0,0,1,1,2,3,5,3,2,2,3,5,Ligat ha'Al - Israel,3033771
Beitar Jerusalem,Maccabi Haifa,2020-02-10,2,0,2,n,1,0,0,1,1,1,0,0,1,1,3,3,6,3,7,7,3,10,Ligat ha'Al - Israel,3033772
Ashdod,Bnei Yehuda,2020-02-09,0,1,1,n,0,1,1,0,1,0,0,0,0,0,0,2,2,14,4,4,14,18,Ligat ha'Al - Israel,3033770
Hapoel Be'er Sheva,Sektzia Nes Tziona,2020-02-09,3,0,3,n,2,0,0,2,2,1,0,0,1,1,4,2,6,6,4,4,6,10,Ligat ha'Al - Israel,3033769
Maccabi Haifa,Hapoel Hadera,2020-02-15,1,0,1,n,0,0,0,0,0,1,0,0,1,1,-1,-1,-1,10,3,3,10,13,Ligat ha'Al - Israel,3033774
Hapoel Kfar Saba,Ashdod,2020-02-15,1,3,4,y,0,2,2,0,2,1,1,1,1,2,-1,-1,-1,4,0,0,4,4,Ligat ha'Al - Israel,3033775
Bnei Yehuda,Hapoel Be'er Sheva,2020-02-15,0,1,1,n,0,0,0,0,0,0,1,1,0,1,-1,-1,-1,8,1,1,8,9,Ligat ha'Al - Israel,3033776
Sektzia Nes Tziona,Hapoel Ra'anana,2020-02-16,3,0,3,n,1,0,0,1,1,2,0,0,2,2,-1,-1,-1,2,8,8,2,10,Ligat ha'Al - Israel,3033777
Maccabi Netanya,Hapoel Haifa,2020-02-15,0,0,0,n,0,0,0,0,0,0,0,0,0,0,0,0,0,7,4,4,7,11,Ligat ha'Al - Israel,3033778
Maccabi Tel Aviv,Ironi Kiryat Shmona,2020-02-16,3,0,3,n,0,0,0,0,0,3,0,0,3,3,-1,-1,-1,12,0,0,12,12,Ligat ha'Al - Israel,3033779
Beitar Jerusalem,Hapoel Tel Aviv,2020-02-17,0,1,1,n,0,1,1,0,1,0,0,0,0,0,5,2,7,8,2,2,8,10,Ligat ha'Al - Israel,3033773
Ironi Kiryat Shmona,Maccabi Netanya,2020-02-22,3,0,3,n,2,0,0,2,2,1,0,0,1,1,0,2,2,11,6,6,11,17,Ligat ha'Al - Israel,3033781
Hapoel Haifa,Sektzia Nes Tziona,2020-02-22,2,0,2,n,2,0,0,2,2,0,0,0,0,0,1,1,2,8,2,2,8,10,Ligat ha'Al - Israel,3033782
Hapoel Ra'anana,Bnei Yehuda,2020-02-23,0,1,1,n,0,0,0,0,0,0,1,1,0,1,2,2,4,1,3,3,1,4,Ligat ha'Al - Israel,3033783
Hapoel Be'er Sheva,Hapoel Kfar Saba,2020-02-23,3,1,4,y,2,1,1,2,3,1,0,0,1,1,-1,-1,-1,8,4,4,8,12,Ligat ha'Al - Israel,3033784
Ashdod,Maccabi Haifa,2020-02-22,1,2,3,y,1,1,1,1,2,0,1,1,0,1,3,2,5,3,5,5,3,8,Ligat ha'Al - Israel,3033785
Hapoel Hadera,Beitar Jerusalem,2020-02-22,1,4,5,y,1,1,1,1,2,0,3,3,0,3,2,2,4,4,8,8,4,12,Ligat ha'Al - Israel,3033786
Maccabi Tel Aviv,Hapoel Tel Aviv,2020-02-24,3,0,3,n,1,0,0,1,1,2,0,0,2,2,0,0,0,1,2,2,1,3,Ligat ha'Al - Israel,3033780
Hapoel Kfar Saba,Hapoel Ra'anana,2020-02-29,3,0,3,n,2,0,0,2,2,1,0,0,1,1,-1,-1,-1,3,5,5,3,8,Ligat ha'Al - Israel,3033790
Bnei Yehuda,Hapoel Haifa,2020-02-29,0,0,0,n,0,0,0,0,0,0,0,0,0,0,-1,-1,-1,4,0,0,4,4,Ligat ha'Al - Israel,3033791
Maccabi Netanya,Maccabi Tel Aviv,2020-02-29,0,1,1,n,0,1,1,0,1,0,0,0,0,0,0,0,0,5,1,1,5,6,Ligat ha'Al - Israel,3033793
Hapoel Tel Aviv,Hapoel Hadera,2020-02-29,2,1,3,y,1,1,1,1,2,1,0,0,1,1,3,2,5,5,6,6,5,11,Ligat ha'Al - Israel,3033787
Beitar Jerusalem,Ashdod,2020-03-01,2,1,3,y,1,0,0,1,1,1,1,1,1,2,-1,-1,-1,4,3,3,4,7,Ligat ha'Al - Israel,3033788
Maccabi Haifa,Hapoel Be'er Sheva,2020-03-01,4,0,4,n,2,0,0,2,2,2,0,0,2,2,-1,-1,-1,4,5,5,4,9,Ligat ha'Al - Israel,3033789
Sektzia Nes Tziona,Ironi Kiryat Shmona,2020-03-01,1,0,1,n,0,0,0,0,0,1,0,0,1,1,-1,-1,-1,4,6,6,4,10,Ligat ha'Al - Israel,3033792
