Zenit,Tambov,2019-07-14,2,1,3,y,0,0,0,0,0,2,1,1,2,3,2,2,4,2,1,1,2,3,Premier League - Russia,3027073
Spartak Moscow,Sochi,2019-07-13,1,0,1,n,0,0,0,0,0,1,0,0,1,1,4,2,6,7,5,5,7,12,Premier League - Russia,3027074
Rostov,Orenburg,2019-07-13,2,1,3,y,2,0,0,2,2,0,1,1,0,1,2,3,5,5,0,0,5,5,Premier League - Russia,3027075
Lokomotiv Moscow,Rubin Kazan,2019-07-15,1,1,2,y,0,0,0,0,0,1,1,1,1,2,2,3,5,3,5,5,3,8,Premier League - Russia,3027076
Akhmat Grozny,Krasnodar,2019-07-14,1,0,1,n,1,0,0,1,1,0,0,0,0,0,4,3,7,4,3,3,4,7,Premier League - Russia,3027077
Arsenal Tula,Dinamo Moscow,2019-07-12,1,1,2,y,0,1,1,0,1,1,0,0,1,1,0,3,3,4,4,4,4,8,Premier League - Russia,3027078
Krylya Sovetov,CSKA Moscow,2019-07-14,2,0,2,n,0,0,0,0,0,2,0,0,2,2,1,3,4,2,5,5,2,7,Premier League - Russia,3027079
Ural,Ufa,2019-07-13,3,2,5,y,1,0,0,1,1,2,2,2,2,4,0,1,1,8,4,4,8,12,Premier League - Russia,3027080
Rostov,Spartak Moscow,2019-07-20,2,2,4,y,1,1,1,1,2,1,1,1,1,2,2,3,5,8,3,3,8,11,Premier League - Russia,3027081
CSKA Moscow,Orenburg,2019-07-20,2,1,3,y,2,1,1,2,3,0,0,0,0,0,3,3,6,9,2,2,9,11,Premier League - Russia,3027082
Dinamo Moscow,Rubin Kazan,2019-07-21,0,1,1,n,0,0,0,0,0,0,1,1,0,1,3,7,10,6,6,6,6,12,Premier League - Russia,3027083
Lokomotiv Moscow,Tambov,2019-07-21,2,1,3,y,2,1,1,2,3,0,0,0,0,0,3,4,7,2,4,4,2,6,Premier League - Russia,3027084
Sochi,Zenit,2019-07-21,0,2,2,n,0,1,1,0,1,0,1,1,0,1,2,0,2,4,4,4,4,8,Premier League - Russia,3027085
Krylya Sovetov,Arsenal Tula,2019-07-20,2,3,5,y,1,2,2,1,3,1,1,1,1,2,3,5,8,5,9,9,5,14,Premier League - Russia,3027086
Ufa,Krasnodar,2019-07-20,2,3,5,y,2,0,0,2,2,0,3,3,0,3,2,2,4,6,2,2,6,8,Premier League - Russia,3027087
Ural,Akhmat Grozny,2019-07-21,3,0,3,n,1,0,0,1,1,2,0,0,2,2,1,1,2,4,6,6,4,10,Premier League - Russia,3027088
Krasnodar,Sochi,2019-07-27,3,0,3,n,2,0,0,2,2,1,0,0,1,1,2,3,5,7,6,6,7,13,Premier League - Russia,3027089
Tambov,Spartak Moscow,2019-07-27,2,0,2,n,1,0,0,1,1,1,0,0,1,1,3,4,7,3,8,8,3,11,Premier League - Russia,3027090
CSKA Moscow,Lokomotiv Moscow,2019-07-28,1,0,1,n,1,0,0,1,1,0,0,0,0,0,4,2,6,7,2,2,7,9,Premier League - Russia,3027091
Dinamo Moscow,Ural,2019-07-26,2,0,2,n,2,0,0,2,2,0,0,0,0,0,2,1,3,4,5,5,4,9,Premier League - Russia,3027092
Rubin Kazan,Akhmat Grozny,2019-07-29,1,0,1,n,0,0,0,0,0,1,0,0,1,1,2,3,5,4,4,4,4,8,Premier League - Russia,3027093
Arsenal Tula,Rostov,2019-07-28,2,3,5,y,0,1,1,0,1,2,2,2,2,4,3,3,6,8,2,2,8,10,Premier League - Russia,3027094
Ufa,Krylya Sovetov,2019-07-27,2,1,3,y,2,1,1,2,3,0,0,0,0,0,1,2,3,2,7,7,2,9,Premier League - Russia,3027095
Orenburg,Zenit,2019-07-28,0,2,2,n,0,1,1,0,1,0,1,1,0,1,2,3,5,7,4,4,7,11,Premier League - Russia,3027096
Zenit,Krasnodar,2019-08-03,1,1,2,y,0,0,0,0,0,1,1,1,1,2,2,4,6,6,2,2,6,8,Premier League - Russia,3027097
Spartak Moscow,Dinamo Moscow,2019-08-03,0,0,0,n,0,0,0,0,0,0,0,0,0,0,5,3,8,2,8,8,2,10,Premier League - Russia,3027098
Tambov,Arsenal Tula,2019-08-04,0,1,1,n,0,1,1,0,1,0,0,0,0,0,4,2,6,4,1,1,4,5,Premier League - Russia,3027099
Akhmat Grozny,Orenburg,2019-08-05,2,1,3,y,0,0,0,0,0,2,1,1,2,3,3,2,5,2,4,4,2,6,Premier League - Russia,3027100
Sochi,Ufa,2019-08-04,0,0,0,n,0,0,0,0,0,0,0,0,0,0,2,2,4,6,2,2,6,8,Premier League - Russia,3027101
Rubin Kazan,CSKA Moscow,2019-08-04,0,1,1,n,0,1,1,0,1,0,0,0,0,0,3,3,6,2,7,7,2,9,Premier League - Russia,3027102
Krylya Sovetov,Lokomotiv Moscow,2019-08-03,1,2,3,y,0,1,1,0,1,1,1,1,1,2,5,2,7,4,8,8,4,12,Premier League - Russia,3027103
Ural,Rostov,2019-08-03,2,2,4,y,1,0,0,1,1,1,2,2,1,3,3,2,5,5,7,7,5,12,Premier League - Russia,3027104
Rostov,Krylya Sovetov,2019-08-12,1,0,1,n,1,0,0,1,1,0,0,0,0,0,3,0,3,6,4,4,6,10,Premier League - Russia,3027105
Krasnodar,Rubin Kazan,2019-08-10,1,0,1,n,1,0,0,1,1,0,0,0,0,0,4,3,7,5,5,5,5,10,Premier League - Russia,3027106
CSKA Moscow,Sochi,2019-08-11,0,0,0,n,0,0,0,0,0,0,0,0,0,0,1,3,4,10,3,3,10,13,Premier League - Russia,3027107
Dinamo Moscow,Zenit,2019-08-10,0,2,2,n,0,1,1,0,1,0,1,1,0,1,5,3,8,7,6,6,7,13,Premier League - Russia,3027108
Lokomotiv Moscow,Ural,2019-08-11,4,0,4,n,2,0,0,2,2,2,0,0,2,2,1,3,4,5,5,5,5,10,Premier League - Russia,3027109
Akhmat Grozny,Spartak Moscow,2019-08-11,1,3,4,y,0,2,2,0,2,1,1,1,1,2,4,2,6,7,3,3,7,10,Premier League - Russia,3027110
Arsenal Tula,Ufa,2019-08-11,1,0,1,n,1,0,0,1,1,0,0,0,0,0,1,1,2,5,7,7,5,12,Premier League - Russia,3027111
Orenburg,Tambov,2019-08-10,2,2,4,y,0,1,1,0,1,2,1,1,2,3,1,2,3,5,3,3,5,8,Premier League - Russia,3027112
Zenit,Akhmat Grozny,2019-08-17,0,0,0,n,0,0,0,0,0,0,0,0,0,0,3,4,7,7,2,2,7,9,Premier League - Russia,3027113
Spartak Moscow,CSKA Moscow,2019-08-19,2,1,3,y,0,0,0,0,0,2,1,1,2,3,1,2,3,6,7,7,6,13,Premier League - Russia,3027114
Tambov,Krasnodar,2019-08-17,0,2,2,n,0,1,1,0,1,0,1,1,0,1,4,1,5,3,9,9,3,12,Premier League - Russia,3027115
Dinamo Moscow,Lokomotiv Moscow,2019-08-18,1,2,3,y,1,1,1,1,2,0,1,1,0,1,2,5,7,4,3,3,4,7,Premier League - Russia,3027116
Rubin Kazan,Arsenal Tula,2019-08-18,1,0,1,n,0,0,0,0,0,1,0,0,1,1,2,2,4,1,4,4,1,5,Premier League - Russia,3027117
Ufa,Rostov,2019-08-18,2,0,2,n,1,0,0,1,1,1,0,0,1,1,3,3,6,4,2,2,4,6,Premier League - Russia,3027118
Ural,Krylya Sovetov,2019-08-17,1,3,4,y,0,1,1,0,1,1,2,2,1,3,4,3,7,3,5,5,3,8,Premier League - Russia,3027119
Orenburg,Sochi,2019-08-16,1,1,2,y,0,0,0,0,0,1,1,1,1,2,3,3,6,4,5,5,4,9,Premier League - Russia,3027120
Rostov,Rubin Kazan,2019-08-25,2,1,3,y,1,1,1,1,2,1,0,0,1,1,1,0,1,9,0,0,9,9,Premier League - Russia,3027122
Krasnodar,Lokomotiv Moscow,2019-08-24,1,1,2,y,1,1,1,1,2,0,0,0,0,0,2,3,5,5,3,3,5,8,Premier League - Russia,3027123
Tambov,Dinamo Moscow,2019-08-24,0,2,2,n,0,1,1,0,1,0,1,1,0,1,2,1,3,5,0,0,5,5,Premier League - Russia,3027124
CSKA Moscow,Akhmat Grozny,2019-08-25,3,0,3,n,1,0,0,1,1,2,0,0,2,2,3,4,7,4,2,2,4,6,Premier League - Russia,3027125
Arsenal Tula,Orenburg,2019-08-25,2,1,3,y,1,0,0,1,1,1,1,1,1,2,0,1,1,4,8,8,4,12,Premier League - Russia,3027127
Krylya Sovetov,Spartak Moscow,2019-08-25,1,2,3,y,1,0,0,1,1,0,2,2,0,2,3,6,9,2,8,8,2,10,Premier League - Russia,3027128
Spartak Moscow,Zenit,2019-09-01,0,1,1,n,0,1,1,0,1,0,0,0,0,0,2,5,7,6,4,4,6,10,Premier League - Russia,3027129
Lokomotiv Moscow,Rostov,2019-08-31,1,2,3,y,0,1,1,0,1,1,1,1,1,2,2,3,5,6,3,3,6,9,Premier League - Russia,3027130
Akhmat Grozny,Tambov,2019-08-31,1,1,2,y,0,1,1,0,1,1,0,0,1,1,1,3,4,11,0,0,11,11,Premier League - Russia,3027131
Rubin Kazan,Sochi,2019-08-31,0,3,3,n,0,1,1,0,1,0,2,2,0,2,3,3,6,7,2,2,7,9,Premier League - Russia,3027132
Arsenal Tula,CSKA Moscow,2019-09-01,1,2,3,y,1,1,1,1,2,0,1,1,0,1,2,1,3,5,9,9,5,14,Premier League - Russia,3027133
Krylya Sovetov,Dinamo Moscow,2019-08-30,0,0,0,n,0,0,0,0,0,0,0,0,0,0,2,3,5,4,6,6,4,10,Premier League - Russia,3027134
Ufa,Orenburg,2019-08-31,1,2,3,y,0,1,1,0,1,1,1,1,1,2,3,4,7,6,3,3,6,9,Premier League - Russia,3027135
Ural,Krasnodar,2019-09-01,2,4,6,y,1,2,2,1,3,1,2,2,1,3,1,2,3,4,5,5,4,9,Premier League - Russia,3027136
Zenit,Arsenal Tula,2019-09-13,3,1,4,y,1,0,0,1,1,2,1,1,2,3,1,3,4,2,2,2,2,4,Premier League - Russia,3027137
Spartak Moscow,Ural,2019-09-14,1,2,3,y,1,0,0,1,1,0,2,2,0,2,3,3,6,6,1,1,6,7,Premier League - Russia,3027138
Rostov,Akhmat Grozny,2019-09-16,2,1,3,y,0,1,1,0,1,2,0,0,2,2,1,1,2,8,0,0,8,8,Premier League - Russia,3027139
Krasnodar,Krylya Sovetov,2019-09-15,4,2,6,y,1,1,1,1,2,3,1,1,3,4,4,2,6,3,4,4,3,7,Premier League - Russia,3027140
Tambov,CSKA Moscow,2019-09-15,0,2,2,n,0,0,0,0,0,0,2,2,0,2,2,3,5,5,8,8,5,13,Premier League - Russia,3027141
Dinamo Moscow,Ufa,2019-09-16,0,0,0,n,0,0,0,0,0,0,0,0,0,0,1,2,3,8,0,0,8,8,Premier League - Russia,3027142
Sochi,Lokomotiv Moscow,2019-09-14,0,1,1,n,0,1,1,0,1,0,0,0,0,0,3,2,5,0,4,4,0,4,Premier League - Russia,3027143
Orenburg,Rubin Kazan,2019-09-15,2,1,3,y,0,0,0,0,0,2,1,1,2,3,2,4,6,3,5,5,3,8,Premier League - Russia,3027144
Zenit,Rubin Kazan,2019-09-21,5,0,5,n,0,0,0,0,0,5,0,0,5,5,0,1,1,9,1,1,9,10,Premier League - Russia,3027145
Tambov,Rostov,2019-09-21,2,1,3,y,1,1,1,1,2,1,0,0,1,1,3,3,6,2,4,4,2,6,Premier League - Russia,3027146
CSKA Moscow,Krasnodar,2019-09-22,3,2,5,y,3,0,0,3,3,0,2,2,0,2,2,3,5,6,3,3,6,9,Premier League - Russia,3027147
Dinamo Moscow,Sochi,2019-09-22,2,3,5,y,0,1,1,0,1,2,2,2,2,4,1,2,3,7,2,2,7,9,Premier League - Russia,3027148
Akhmat Grozny,Krylya Sovetov,2019-09-21,1,1,2,y,1,0,0,1,1,0,1,1,0,1,3,2,5,4,6,6,4,10,Premier League - Russia,3027149
Arsenal Tula,Ural,2019-09-22,1,1,2,y,1,0,0,1,1,0,1,1,0,1,1,1,2,7,7,7,7,14,Premier League - Russia,3027150
Ufa,Spartak Moscow,2019-09-20,1,0,1,n,1,0,0,1,1,0,0,0,0,0,2,5,7,6,6,6,6,12,Premier League - Russia,3027151
Orenburg,Lokomotiv Moscow,2019-09-22,2,3,5,y,0,1,1,0,1,2,2,2,2,4,0,3,3,5,5,5,5,10,Premier League - Russia,3027152
Spartak Moscow,Orenburg,2019-09-29,1,2,3,y,0,1,1,0,1,1,1,1,1,2,2,3,5,6,7,7,6,13,Premier League - Russia,3027153
Rostov,Dinamo Moscow,2019-09-28,3,0,3,n,2,0,0,2,2,1,0,0,1,1,2,5,7,4,4,4,4,8,Premier League - Russia,3027154
Krasnodar,Arsenal Tula,2019-09-29,2,0,2,n,1,0,0,1,1,1,0,0,1,1,3,1,4,6,4,4,6,10,Premier League - Russia,3027155
Lokomotiv Moscow,Zenit,2019-09-28,1,0,1,n,0,0,0,0,0,1,0,0,1,1,1,3,4,3,1,1,3,4,Premier League - Russia,3027156
Sochi,Akhmat Grozny,2019-09-30,2,0,2,n,1,0,0,1,1,1,0,0,1,1,6,1,7,6,12,12,6,18,Premier League - Russia,3027157
Rubin Kazan,Ufa,2019-09-29,0,0,0,n,0,0,0,0,0,0,0,0,0,0,4,1,5,5,2,2,5,7,Premier League - Russia,3027158
Krylya Sovetov,Tambov,2019-09-28,2,0,2,n,0,0,0,0,0,2,0,0,2,2,5,7,12,7,3,3,7,10,Premier League - Russia,3027159
Ural,CSKA Moscow,2019-09-29,0,3,3,n,0,1,1,0,1,0,2,2,0,2,1,1,2,1,4,4,1,5,Premier League - Russia,3027160
Krasnodar,Spartak Moscow,2019-10-06,2,1,3,y,2,1,1,2,3,0,0,0,0,0,5,4,9,5,5,5,5,10,Premier League - Russia,3027161
CSKA Moscow,Rostov,2019-10-06,1,3,4,y,0,2,2,0,2,1,1,1,1,2,1,2,3,5,3,3,5,8,Premier League - Russia,3027162
Lokomotiv Moscow,Arsenal Tula,2019-10-06,2,1,3,y,2,1,1,2,3,0,0,0,0,0,2,5,7,3,5,5,3,8,Premier League - Russia,3027163
Sochi,Krylya Sovetov,2019-10-05,0,2,2,n,0,1,1,0,1,0,1,1,0,1,4,2,6,7,3,3,7,10,Premier League - Russia,3027164
Rubin Kazan,Tambov,2019-10-05,2,1,3,y,2,0,0,2,2,0,1,1,0,1,5,2,7,2,6,6,2,8,Premier League - Russia,3027165
Ufa,Akhmat Grozny,2019-10-05,0,1,1,n,0,1,1,0,1,0,0,0,0,0,2,2,4,7,6,6,7,13,Premier League - Russia,3027166
Ural,Zenit,2019-10-06,1,3,4,y,0,2,2,0,2,1,1,1,1,2,0,0,0,7,8,8,7,15,Premier League - Russia,3027167
Orenburg,Dinamo Moscow,2019-10-05,2,0,2,n,0,0,0,0,0,2,0,0,2,2,1,3,4,8,3,3,8,11,Premier League - Russia,3027168
Zenit,Rostov,2019-10-19,6,1,7,y,3,0,0,3,3,3,1,1,3,4,3,4,7,3,3,3,3,6,Premier League - Russia,3027169
Spartak Moscow,Rubin Kazan,2019-10-19,0,0,0,n,0,0,0,0,0,0,0,0,0,0,1,3,4,4,4,4,4,8,Premier League - Russia,3027170
Tambov,Ural,2019-10-19,1,2,3,y,0,0,0,0,0,1,2,2,1,3,0,3,3,6,4,4,6,10,Premier League - Russia,3027171
Dinamo Moscow,Krasnodar,2019-10-20,1,1,2,y,1,1,1,1,2,0,0,0,0,0,5,3,8,4,4,4,4,8,Premier League - Russia,3027172
Akhmat Grozny,Lokomotiv Moscow,2019-10-18,0,2,2,n,0,1,1,0,1,0,1,1,0,1,2,2,4,6,4,4,6,10,Premier League - Russia,3027173
Arsenal Tula,Sochi,2019-10-20,1,1,2,y,1,1,1,1,2,0,0,0,0,0,4,6,10,5,0,0,5,5,Premier League - Russia,3027174
Ufa,CSKA Moscow,2019-10-20,1,1,2,y,0,1,1,0,1,1,0,0,1,1,2,0,2,4,3,3,4,7,Premier League - Russia,3027175
Orenburg,Krylya Sovetov,2019-10-20,0,1,1,n,0,1,1,0,1,0,0,0,0,0,3,4,7,9,2,2,9,11,Premier League - Russia,3027176
Rostov,Sochi,2019-10-26,2,0,2,n,1,0,0,1,1,1,0,0,1,1,2,0,2,7,4,4,7,11,Premier League - Russia,3027177
Krasnodar,Orenburg,2019-10-27,1,1,2,y,1,1,1,1,2,0,0,0,0,0,1,1,2,12,1,1,12,13,Premier League - Russia,3027178
Tambov,Ufa,2019-10-26,3,0,3,n,1,0,0,1,1,2,0,0,2,2,4,4,8,1,3,3,1,4,Premier League - Russia,3027179
CSKA Moscow,Dinamo Moscow,2019-10-27,0,1,1,n,0,0,0,0,0,0,1,1,0,1,1,3,4,6,4,4,6,10,Premier League - Russia,3027180
Lokomotiv Moscow,Spartak Moscow,2019-10-27,0,3,3,n,0,0,0,0,0,0,3,3,0,3,4,2,6,6,3,3,6,9,Premier League - Russia,3027181
Akhmat Grozny,Arsenal Tula,2019-10-26,1,1,2,y,1,0,0,1,1,0,1,1,0,1,4,3,7,6,1,1,6,7,Premier League - Russia,3027182
Rubin Kazan,Ural,2019-10-25,0,0,0,n,0,0,0,0,0,0,0,0,0,0,3,4,7,5,3,3,5,8,Premier League - Russia,3027183
Krylya Sovetov,Zenit,2019-10-27,0,2,2,n,0,1,1,0,1,0,1,1,0,1,2,1,3,3,6,6,3,9,Premier League - Russia,3027184
Zenit,CSKA Moscow,2019-11-02,1,1,2,y,0,1,1,0,1,1,0,0,1,1,3,5,8,8,1,1,8,9,Premier League - Russia,3027185
Spartak Moscow,Arsenal Tula,2019-11-04,0,1,1,n,0,1,1,0,1,0,0,0,0,0,1,2,3,8,1,1,8,9,Premier League - Russia,3027186
Krasnodar,Rostov,2019-11-03,2,2,4,y,0,2,2,0,2,2,0,0,2,2,0,4,4,5,3,3,5,8,Premier League - Russia,3027187
Dinamo Moscow,Akhmat Grozny,2019-11-02,1,1,2,y,0,1,1,0,1,1,0,0,1,1,5,5,10,3,5,5,3,8,Premier League - Russia,3027188
Sochi,Tambov,2019-11-02,1,2,3,y,1,1,1,1,2,0,1,1,0,1,3,2,5,7,3,3,7,10,Premier League - Russia,3027189
Krylya Sovetov,Rubin Kazan,2019-11-04,0,0,0,n,0,0,0,0,0,0,0,0,0,0,3,4,7,5,3,3,5,8,Premier League - Russia,3027190
Ufa,Lokomotiv Moscow,2019-11-02,1,1,2,y,0,0,0,0,0,1,1,1,1,2,1,8,9,4,7,7,4,11,Premier League - Russia,3027191
Ural,Orenburg,2019-11-04,1,2,3,y,0,2,2,0,2,1,0,0,1,1,2,2,4,3,3,3,3,6,Premier League - Russia,3027192
Spartak Moscow,Krylya Sovetov,2019-11-09,2,0,2,n,1,0,0,1,1,1,0,0,1,1,2,2,4,3,2,2,3,5,Premier League - Russia,3027193
Rostov,Tambov,2019-11-09,1,2,3,y,1,0,0,1,1,0,2,2,0,2,2,4,6,5,3,3,5,8,Premier League - Russia,3027194
Lokomotiv Moscow,Krasnodar,2019-11-10,1,1,2,y,1,1,1,1,2,0,0,0,0,0,4,5,9,1,3,3,1,4,Premier League - Russia,3027195
Akhmat Grozny,Ural,2019-11-08,0,0,0,n,0,0,0,0,0,0,0,0,0,0,2,0,2,3,6,6,3,9,Premier League - Russia,3027196
Sochi,CSKA Moscow,2019-11-10,2,3,5,y,2,1,1,2,3,0,2,2,0,2,3,4,7,2,6,6,2,8,Premier League - Russia,3027197
Rubin Kazan,Dinamo Moscow,2019-11-09,0,1,1,n,0,1,1,0,1,0,0,0,0,0,4,4,8,4,3,3,4,7,Premier League - Russia,3027198
Arsenal Tula,Zenit,2019-11-10,0,1,1,n,0,0,0,0,0,0,1,1,0,1,2,1,3,3,8,8,3,11,Premier League - Russia,3027199
Orenburg,Ufa,2019-11-10,0,0,0,n,0,0,0,0,0,0,0,0,0,0,2,0,2,2,0,0,2,2,Premier League - Russia,3027200
Tambov,Lokomotiv Moscow,2019-11-22,2,3,5,y,1,2,2,1,3,1,1,1,1,2,1,1,2,1,3,3,1,4,Premier League - Russia,3027201
CSKA Moscow,Krylya Sovetov,2019-11-24,1,0,1,n,0,0,0,0,0,1,0,0,1,1,1,4,5,2,2,2,2,4,Premier League - Russia,3027202
Dinamo Moscow,Rostov,2019-11-23,2,1,3,y,1,1,1,1,2,1,0,0,1,1,3,1,4,4,4,4,4,8,Premier League - Russia,3027203
Rubin Kazan,Zenit,2019-11-23,1,2,3,y,0,1,1,0,1,1,1,1,1,2,3,2,5,2,4,4,2,6,Premier League - Russia,3027204
Arsenal Tula,Krasnodar,2019-11-24,1,2,3,y,1,2,2,1,3,0,0,0,0,0,3,5,8,2,0,0,2,2,Premier League - Russia,3027205
Ufa,Sochi,2019-11-24,1,1,2,y,0,1,1,0,1,1,0,0,1,1,3,2,5,9,2,2,9,11,Premier League - Russia,3027206
Ural,Spartak Moscow,2019-11-24,0,0,0,n,0,0,0,0,0,0,0,0,0,0,1,1,2,2,9,9,2,11,Premier League - Russia,3027207
Orenburg,Akhmat Grozny,2019-11-23,1,2,3,y,0,1,1,0,1,1,1,1,1,2,3,3,6,8,4,4,8,12,Premier League - Russia,3027208
Zenit,Spartak Moscow,2019-12-01,1,0,1,n,1,0,0,1,1,0,0,0,0,0,3,6,9,5,5,5,5,10,Premier League - Russia,3027209
Rostov,Ural,2019-11-30,0,0,0,n,0,0,0,0,0,0,0,0,0,0,2,4,6,12,4,4,12,16,Premier League - Russia,3027210
Krasnodar,Tambov,2019-12-02,0,0,0,n,0,0,0,0,0,0,0,0,0,0,2,1,3,8,5,5,8,13,Premier League - Russia,3027211
CSKA Moscow,Arsenal Tula,2019-12-02,0,1,1,n,0,0,0,0,0,0,1,1,0,1,1,2,3,3,3,3,3,6,Premier League - Russia,3027212
Lokomotiv Moscow,Dinamo Moscow,2019-12-01,1,2,3,y,1,1,1,1,2,0,1,1,0,1,3,1,4,6,5,5,6,11,Premier League - Russia,3027213
Akhmat Grozny,Rubin Kazan,2019-11-30,1,1,2,y,1,0,0,1,1,0,1,1,0,1,3,2,5,3,9,9,3,12,Premier League - Russia,3027214
Krylya Sovetov,Ufa,2019-11-30,0,1,1,n,0,1,1,0,1,0,0,0,0,0,1,3,4,5,8,8,5,13,Premier League - Russia,3027216
Zenit,Dinamo Moscow,2019-12-06,3,0,3,n,3,0,0,3,3,0,0,0,0,0,1,3,4,4,6,6,4,10,Premier League - Russia,3027217
Spartak Moscow,Rostov,2019-12-08,1,4,5,y,0,1,1,0,1,1,3,3,1,4,3,2,5,5,3,3,5,8,Premier League - Russia,3027218
Krasnodar,CSKA Moscow,2019-12-07,1,1,2,y,0,1,1,0,1,1,0,0,1,1,1,6,7,3,3,3,3,6,Premier League - Russia,3027219
Tambov,Orenburg,2019-12-07,3,0,3,n,0,0,0,0,0,3,0,0,3,3,1,6,7,4,3,3,4,7,Premier League - Russia,3027220
Akhmat Grozny,Ufa,2019-12-07,0,1,1,n,0,1,1,0,1,0,0,0,0,0,0,0,0,1,5,5,1,6,Premier League - Russia,3027221
Sochi,Rubin Kazan,2019-12-08,1,1,2,y,1,0,0,1,1,0,1,1,0,1,1,1,2,2,5,5,2,7,Premier League - Russia,3027222
Arsenal Tula,Lokomotiv Moscow,2019-12-06,4,0,4,n,0,0,0,0,0,4,0,0,4,4,1,4,5,4,6,6,4,10,Premier League - Russia,3027223
Krylya Sovetov,Ural,2019-12-08,2,3,5,y,1,1,1,1,2,1,2,2,1,3,3,3,6,4,3,3,4,7,Premier League - Russia,3027224
Ufa,Zenit,2019-08-24,1,0,1,n,0,0,0,0,0,1,0,0,1,1,3,4,7,4,12,12,4,16,Premier League - Russia,3027238
Ural,Sochi,2019-08-26,3,1,4,y,1,1,1,1,2,2,0,0,2,2,2,1,3,7,2,2,7,9,Premier League - Russia,3027239
Zenit,Lokomotiv Moscow,2020-02-29,0,0,0,n,0,0,0,0,0,0,0,0,0,0,3,2,5,8,2,2,8,10,Premier League - Russia,3027225
Dinamo Moscow,Spartak Moscow,2020-02-29,0,2,2,n,0,1,1,0,1,0,1,1,0,1,2,0,2,4,2,2,4,6,Premier League - Russia,3027229
Akhmat Grozny,Rostov,2020-02-29,1,1,2,y,0,1,1,0,1,1,0,0,1,1,5,3,8,2,5,5,2,7,Premier League - Russia,3027230
Krylya Sovetov,Orenburg,2020-02-28,1,1,2,y,1,0,0,1,1,0,1,1,0,1,2,5,7,5,8,8,5,13,Premier League - Russia,3027232
Tambov,Rubin Kazan,2020-03-01,0,0,0,n,0,0,0,0,0,0,0,0,0,0,2,2,4,5,3,3,5,8,Premier League - Russia,3027227
CSKA Moscow,Ural,2020-02-29,1,1,2,y,0,0,0,0,0,1,1,1,1,2,0,2,2,7,2,2,7,9,Premier League - Russia,3027228
Sochi,Arsenal Tula,2020-03-01,1,2,3,y,0,1,1,0,1,1,1,1,1,2,2,2,4,4,6,6,4,10,Premier League - Russia,3027231
Krasnodar,Ufa,2020-03-01,2,0,2,n,0,0,0,0,0,2,0,0,2,2,4,5,9,-1,-1,-1,-1,-1,Premier League - Russia,3027226
Dinamo Moscow,Tambov,2020-03-07,1,0,1,n,1,0,0,1,1,0,0,0,0,0,1,4,5,-1,-1,-1,-1,-1,Premier League - Russia,3027235
Orenburg,Arsenal Tula,2020-03-07,2,0,2,n,1,0,0,1,1,1,0,0,1,1,3,6,9,-1,-1,-1,-1,-1,Premier League - Russia,3027240
Lokomotiv Moscow,Akhmat Grozny,2020-03-08,1,0,1,n,1,0,0,1,1,0,0,0,0,0,4,3,7,-1,-1,-1,-1,-1,Premier League - Russia,3027236
Rubin Kazan,Krylya Sovetov,2020-03-08,0,1,1,n,0,1,1,0,1,0,0,0,0,0,4,5,9,-1,-1,-1,-1,-1,Premier League - Russia,3027237
Sochi,Ural,2020-03-08,2,0,2,n,1,0,0,1,1,1,0,0,1,1,1,2,3,-1,-1,-1,-1,-1,Premier League - Russia,3027126
Sochi,Orenburg,2020-03-11,5,1,6,y,2,0,0,2,2,3,1,1,3,4,0,1,1,-1,-1,-1,-1,-1,Premier League - Russia,3027215
Spartak Moscow,Krasnodar,2020-03-09,0,1,1,n,0,0,0,0,0,0,1,1,0,1,5,3,8,-1,-1,-1,-1,-1,Premier League - Russia,3027233
Rostov,CSKA Moscow,2020-03-09,3,2,5,y,1,1,1,1,2,2,1,1,2,3,5,7,12,-1,-1,-1,-1,-1,Premier League - Russia,3027234
Zenit,Ufa,2020-03-09,0,0,0,n,0,0,0,0,0,0,0,0,0,0,2,3,5,-1,-1,-1,-1,-1,Premier League - Russia,3027121
CSKA Moscow,Ufa,2020-03-15,0,0,0,n,0,0,0,0,0,0,0,0,0,0,1,3,4,-1,-1,-1,-1,-1,Premier League - Russia,3027244
Akhmat Grozny,Dinamo Moscow,2020-03-13,2,3,5,y,1,1,1,1,2,1,2,2,1,3,6,2,8,-1,-1,-1,-1,-1,Premier League - Russia,3027245
Sochi,Krasnodar,2020-03-15,2,0,2,n,0,0,0,0,0,2,0,0,2,2,2,1,3,-1,-1,-1,-1,-1,Premier League - Russia,3027246
Arsenal Tula,Rubin Kazan,2020-03-14,0,1,1,n,0,1,1,0,1,0,0,0,0,0,3,5,8,-1,-1,-1,-1,-1,Premier League - Russia,3027247
Orenburg,Spartak Moscow,2020-03-14,1,3,4,y,1,1,1,1,2,0,2,2,0,2,2,2,4,-1,-1,-1,-1,-1,Premier League - Russia,3027248
Zenit,Ural,2020-03-14,7,1,8,y,4,0,0,4,4,3,1,1,3,4,1,1,2,-1,-1,-1,-1,-1,Premier League - Russia,3027241
Rostov,Lokomotiv Moscow,2020-03-15,1,3,4,y,0,3,3,0,3,1,0,0,1,1,2,1,3,-1,-1,-1,-1,-1,Premier League - Russia,3027242
Tambov,Krylya Sovetov,2020-03-16,3,0,3,n,1,0,0,1,1,2,0,0,2,2,2,4,6,-1,-1,-1,-1,-1,Premier League - Russia,3027243
CSKA Moscow,Zenit,2020-06-20,0,4,4,n,0,3,3,0,3,0,1,1,0,1,4,3,7,-1,-1,-1,-1,-1,Premier League - Russia,3027250
Lokomotiv Moscow,Orenburg,2020-06-21,1,0,1,n,1,0,0,1,1,0,0,0,0,0,4,9,13,-1,-1,-1,-1,-1,Premier League - Russia,3027251
Sochi,Rostov,2020-06-19,10,1,11,y,4,1,1,4,5,6,0,0,6,6,2,3,5,-1,-1,-1,-1,-1,Premier League - Russia,3027252
Arsenal Tula,Spartak Moscow,2020-06-20,2,3,5,y,0,1,1,0,1,2,2,2,2,4,3,6,9,-1,-1,-1,-1,-1,Premier League - Russia,3027253
Krylya Sovetov,Akhmat Grozny,2020-06-19,2,4,6,y,1,0,0,1,1,1,4,4,1,5,3,2,5,-1,-1,-1,-1,-1,Premier League - Russia,3027254
Ufa,Tambov,2020-06-21,2,1,3,y,1,0,0,1,1,1,1,1,1,2,2,7,9,-1,-1,-1,-1,-1,Premier League - Russia,3027255
Ural,Rubin Kazan,2020-06-20,1,2,3,y,1,1,1,1,2,0,1,1,0,1,3,4,7,-1,-1,-1,-1,-1,Premier League - Russia,3027256
Zenit,Krylya Sovetov,2020-06-26,2,1,3,y,0,1,1,0,1,2,0,0,2,2,2,3,5,-1,-1,-1,-1,-1,Premier League - Russia,3027257
Spartak Moscow,Ufa,2020-06-27,0,0,0,n,0,0,0,0,0,0,0,0,0,0,2,2,4,-1,-1,-1,-1,-1,Premier League - Russia,3027258
Rostov,Arsenal Tula,2020-06-27,2,1,3,y,2,0,0,2,2,0,1,1,0,1,4,5,9,-1,-1,-1,-1,-1,Premier League - Russia,3027259
Dinamo Moscow,CSKA Moscow,2020-06-27,0,0,0,n,0,0,0,0,0,0,0,0,0,0,2,3,5,-1,-1,-1,-1,-1,Premier League - Russia,3027260
Akhmat Grozny,Sochi,2020-06-26,1,1,2,y,1,1,1,1,2,0,0,0,0,0,1,1,2,-1,-1,-1,-1,-1,Premier League - Russia,3027261
Rubin Kazan,Lokomotiv Moscow,2020-06-27,0,2,2,n,0,2,2,0,2,0,0,0,0,0,3,4,7,-1,-1,-1,-1,-1,Premier League - Russia,3027262
Ural,Tambov,2020-06-28,2,1,3,y,1,0,0,1,1,1,1,1,1,2,7,4,11,-1,-1,-1,-1,-1,Premier League - Russia,3027263
CSKA Moscow,Spartak Moscow,2020-06-30,2,0,2,n,1,0,0,1,1,1,0,0,1,1,5,5,10,-1,-1,-1,-1,-1,Premier League - Russia,3027267
Lokomotiv Moscow,Krylya Sovetov,2020-06-30,1,1,2,y,0,1,1,0,1,1,0,0,1,1,5,7,12,-1,-1,-1,-1,-1,Premier League - Russia,3027268
Rostov,Krasnodar,2020-07-01,1,1,2,y,0,1,1,0,1,1,0,0,1,1,5,4,9,-1,-1,-1,-1,-1,Premier League - Russia,3027265
Tambov,Zenit,2020-07-01,1,2,3,y,0,1,1,0,1,1,1,1,1,2,2,0,2,-1,-1,-1,-1,-1,Premier League - Russia,3027266
Sochi,Dinamo Moscow,2020-07-01,1,1,2,y,0,0,0,0,0,1,1,1,1,2,4,5,9,-1,-1,-1,-1,-1,Premier League - Russia,3027269
Arsenal Tula,Akhmat Grozny,2020-07-01,1,3,4,y,0,2,2,0,2,1,1,1,1,2,2,4,6,-1,-1,-1,-1,-1,Premier League - Russia,3027270
Ufa,Rubin Kazan,2020-07-01,0,0,0,n,0,0,0,0,0,0,0,0,0,0,3,2,5,-1,-1,-1,-1,-1,Premier League - Russia,3027271
Spartak Moscow,Tambov,2020-07-04,2,3,5,y,1,0,0,1,1,1,3,3,1,4,4,3,7,-1,-1,-1,-1,-1,Premier League - Russia,3027273
Rubin Kazan,Orenburg,2020-07-05,1,0,1,n,0,0,0,0,0,1,0,0,1,1,2,2,4,-1,-1,-1,-1,-1,Premier League - Russia,3027278
Krasnodar,Zenit,2020-07-05,2,4,6,y,1,2,2,1,3,1,2,2,1,3,5,3,8,-1,-1,-1,-1,-1,Premier League - Russia,3027274
Dinamo Moscow,Arsenal Tula,2020-07-04,0,1,1,n,0,1,1,0,1,0,0,0,0,0,2,8,10,-1,-1,-1,-1,-1,Premier League - Russia,3027275
Lokomotiv Moscow,Sochi,2020-07-04,0,0,0,n,0,0,0,0,0,0,0,0,0,0,4,4,8,-1,-1,-1,-1,-1,Premier League - Russia,3027276
Ufa,Ural,2020-07-05,1,1,2,y,0,0,0,0,0,1,1,1,1,2,6,2,8,-1,-1,-1,-1,-1,Premier League - Russia,3027280
Akhmat Grozny,CSKA Moscow,2020-07-04,0,4,4,n,0,0,0,0,0,0,4,4,0,4,0,2,2,-1,-1,-1,-1,-1,Premier League - Russia,3027277
Krylya Sovetov,Rostov,2020-07-04,0,0,0,n,0,0,0,0,0,0,0,0,0,0,5,4,9,-1,-1,-1,-1,-1,Premier League - Russia,3027279
Zenit,Sochi,2020-07-08,2,1,3,y,1,1,1,1,2,1,0,0,1,1,2,3,5,-1,-1,-1,-1,-1,Premier League - Russia,3027281
Spartak Moscow,Lokomotiv Moscow,2020-07-08,1,1,2,y,1,1,1,1,2,0,0,0,0,0,3,3,6,-1,-1,-1,-1,-1,Premier League - Russia,3027282
Rostov,Ufa,2020-07-08,1,2,3,y,1,0,0,1,1,0,2,2,0,2,6,2,8,-1,-1,-1,-1,-1,Premier League - Russia,3027283
Tambov,Akhmat Grozny,2020-07-07,1,2,3,y,1,1,1,1,2,0,1,1,0,1,3,5,8,-1,-1,-1,-1,-1,Premier League - Russia,3027284
Arsenal Tula,Krylya Sovetov,2020-07-07,2,4,6,y,1,1,1,1,2,1,3,3,1,4,3,5,8,-1,-1,-1,-1,-1,Premier League - Russia,3027286
Orenburg,CSKA Moscow,2020-07-08,0,4,4,n,0,1,1,0,1,0,3,3,0,3,4,2,6,-1,-1,-1,-1,-1,Premier League - Russia,3027288
Rubin Kazan,Krasnodar,2020-07-09,1,0,1,n,0,0,0,0,0,1,0,0,1,1,1,5,6,-1,-1,-1,-1,-1,Premier League - Russia,3027285
Ural,Dinamo Moscow,2020-07-09,2,1,3,y,1,1,1,1,2,1,0,0,1,1,3,3,6,-1,-1,-1,-1,-1,Premier League - Russia,3027287
CSKA Moscow,Rubin Kazan,2020-07-12,1,1,2,y,0,0,0,0,0,1,1,1,1,2,6,4,10,-1,-1,-1,-1,-1,Premier League - Russia,3027290
Lokomotiv Moscow,Ufa,2020-07-12,1,1,2,y,0,1,1,0,1,1,0,0,1,1,3,3,6,-1,-1,-1,-1,-1,Premier League - Russia,3027292
Akhmat Grozny,Zenit,2020-07-11,1,1,2,y,1,1,1,1,2,0,0,0,0,0,1,2,3,-1,-1,-1,-1,-1,Premier League - Russia,3027293
Sochi,Spartak Moscow,2020-07-11,1,0,1,n,1,0,0,1,1,0,0,0,0,0,5,4,9,-1,-1,-1,-1,-1,Premier League - Russia,3027294
Arsenal Tula,Tambov,2020-07-11,2,1,3,y,1,0,0,1,1,1,1,1,1,2,2,1,3,-1,-1,-1,-1,-1,Premier League - Russia,3027295
Krasnodar,Ural,2020-07-12,3,0,3,n,1,0,0,1,1,2,0,0,2,2,2,2,4,-1,-1,-1,-1,-1,Premier League - Russia,3027289
Orenburg,Rostov,2020-07-12,0,0,0,n,0,0,0,0,0,0,0,0,0,0,1,1,2,-1,-1,-1,-1,-1,Premier League - Russia,3027296
Dinamo Moscow,Krylya Sovetov,2020-07-12,2,0,2,n,2,0,0,2,2,0,0,0,0,0,6,5,11,-1,-1,-1,-1,-1,Premier League - Russia,3027291
Zenit,Orenburg,2020-07-15,4,1,5,y,1,1,1,1,2,3,0,0,3,3,4,4,8,-1,-1,-1,-1,-1,Premier League - Russia,3027297
Spartak Moscow,Akhmat Grozny,2020-07-15,3,0,3,n,0,0,0,0,0,3,0,0,3,3,1,2,3,-1,-1,-1,-1,-1,Premier League - Russia,3027298
Krylya Sovetov,Krasnodar,2020-07-15,0,0,0,n,0,0,0,0,0,0,0,0,0,0,2,6,8,-1,-1,-1,-1,-1,Premier League - Russia,3027302
Ural,Arsenal Tula,2020-07-15,1,3,4,y,1,1,1,1,2,0,2,2,0,2,3,7,10,-1,-1,-1,-1,-1,Premier League - Russia,3027304
Lokomotiv Moscow,CSKA Moscow,2020-07-16,2,1,3,y,1,0,0,1,1,1,1,1,1,2,4,3,7,-1,-1,-1,-1,-1,Premier League - Russia,3027300
Rubin Kazan,Rostov,2020-07-16,0,0,0,n,0,0,0,0,0,0,0,0,0,0,4,5,9,-1,-1,-1,-1,-1,Premier League - Russia,3027301
Ufa,Dinamo Moscow,2020-07-16,0,1,1,n,0,0,0,0,0,0,1,1,0,1,2,0,2,-1,-1,-1,-1,-1,Premier League - Russia,3027303
Krasnodar,Dinamo Moscow,2020-07-19,0,2,2,n,0,1,1,0,1,0,1,1,0,1,4,3,7,-1,-1,-1,-1,-1,Premier League - Russia,3027249
Rostov,Zenit,2020-07-22,1,2,3,y,1,0,0,1,1,0,2,2,0,2,3,1,4,-1,-1,-1,-1,-1,Premier League - Russia,3027305
Krasnodar,Akhmat Grozny,2020-07-22,4,0,4,n,1,0,0,1,1,3,0,0,3,3,1,4,5,-1,-1,-1,-1,-1,Premier League - Russia,3027306
CSKA Moscow,Tambov,2020-07-22,2,0,2,n,1,0,0,1,1,1,0,0,1,1,2,4,6,-1,-1,-1,-1,-1,Premier League - Russia,3027307
Dinamo Moscow,Orenburg,2020-07-22,0,1,1,n,0,1,1,0,1,0,0,0,0,0,2,3,5,-1,-1,-1,-1,-1,Premier League - Russia,3027308
Rubin Kazan,Spartak Moscow,2020-07-22,1,2,3,y,1,1,1,1,2,0,1,1,0,1,5,4,9,-1,-1,-1,-1,-1,Premier League - Russia,3027309
Ufa,Arsenal Tula,2020-07-22,0,0,0,n,0,0,0,0,0,0,0,0,0,0,1,3,4,-1,-1,-1,-1,-1,Premier League - Russia,3027311
Ural,Lokomotiv Moscow,2020-07-22,0,1,1,n,0,1,1,0,1,0,0,0,0,0,5,5,10,-1,-1,-1,-1,-1,Premier League - Russia,3027312
