Aberdeen,Hearts,2019-08-04,3,2,5,y,1,0,0,1,1,2,2,2,2,4,4,5,9,-1,-1,-1,-1,-1,Premiership - Scotland,3038361
Celtic,St. Johnstone,2019-08-03,7,0,7,n,3,0,0,3,3,4,0,0,4,4,0,3,3,-1,-1,-1,-1,-1,Premiership - Scotland,3038362
Hibernian,St. Mirren,2019-08-03,1,0,1,n,0,0,0,0,0,1,0,0,1,1,1,2,3,-1,-1,-1,-1,-1,Premiership - Scotland,3038363
Livingston,Motherwell,2019-08-03,0,0,0,n,0,0,0,0,0,0,0,0,0,0,1,3,4,-1,-1,-1,-1,-1,Premiership - Scotland,3038364
Ross County,Hamilton Academical,2019-08-03,3,0,3,n,2,0,0,2,2,1,0,0,1,1,0,3,3,-1,-1,-1,-1,-1,Premiership - Scotland,3038365
Kilmarnock,Rangers,2019-08-04,1,2,3,y,0,1,1,0,1,1,1,1,1,2,2,2,4,2,7,7,2,9,Premiership - Scotland,3038366
Hamilton Academical,Kilmarnock,2019-08-10,2,0,2,n,1,0,0,1,1,1,0,0,1,1,1,1,2,-1,-1,-1,-1,-1,Premiership - Scotland,3038367
Hearts,Ross County,2019-08-10,0,0,0,n,0,0,0,0,0,0,0,0,0,0,0,3,3,-1,-1,-1,-1,-1,Premiership - Scotland,3038368
Motherwell,Celtic,2019-08-10,2,5,7,y,1,2,2,1,3,1,3,3,1,4,5,0,5,5,5,5,5,10,Premiership - Scotland,3038369
Rangers,Hibernian,2019-08-11,6,1,7,y,2,1,1,2,3,4,0,0,4,4,2,5,7,-1,-1,-1,-1,-1,Premiership - Scotland,3038370
St. Johnstone,Livingston,2019-08-10,2,2,4,y,0,2,2,0,2,2,0,0,2,2,1,3,4,-1,-1,-1,-1,-1,Premiership - Scotland,3038371
St. Mirren,Aberdeen,2019-08-11,1,0,1,n,1,0,0,1,1,0,0,0,0,0,1,2,3,-1,-1,-1,-1,-1,Premiership - Scotland,3038372
Celtic,Hearts,2019-08-25,3,1,4,y,1,0,0,1,1,2,1,1,2,3,1,3,4,-1,-1,-1,-1,-1,Premiership - Scotland,3038373
Hamilton Academical,Motherwell,2019-08-24,1,3,4,y,1,2,2,1,3,0,1,1,0,1,1,1,2,-1,-1,-1,-1,-1,Premiership - Scotland,3038374
Hibernian,St. Johnstone,2019-08-24,2,2,4,y,1,0,0,1,1,1,2,2,1,3,1,0,1,-1,-1,-1,-1,-1,Premiership - Scotland,3038375
Kilmarnock,Aberdeen,2019-08-24,0,0,0,n,0,0,0,0,0,0,0,0,0,0,3,1,4,-1,-1,-1,-1,-1,Premiership - Scotland,3038376
Ross County,Livingston,2019-08-24,1,4,5,y,1,3,3,1,4,0,1,1,0,1,1,1,2,-1,-1,-1,-1,-1,Premiership - Scotland,3038377
St. Mirren,Rangers,2019-08-25,0,1,1,n,0,0,0,0,0,0,1,1,0,1,1,2,3,3,6,6,3,9,Premiership - Scotland,3038378
Aberdeen,Ross County,2019-08-31,3,0,3,n,2,0,0,2,2,1,0,0,1,1,2,1,3,-1,-1,-1,-1,-1,Premiership - Scotland,3038379
Hearts,Hamilton Academical,2019-08-31,2,2,4,y,1,0,0,1,1,1,2,2,1,3,1,2,3,-1,-1,-1,-1,-1,Premiership - Scotland,3038380
Livingston,St. Mirren,2019-08-31,2,1,3,y,1,0,0,1,1,1,1,1,1,2,1,3,4,-1,-1,-1,-1,-1,Premiership - Scotland,3038381
Motherwell,Hibernian,2019-08-31,3,0,3,n,1,0,0,1,1,2,0,0,2,2,3,2,5,-1,-1,-1,-1,-1,Premiership - Scotland,3038382
Rangers,Celtic,2019-09-01,0,2,2,n,0,1,1,0,1,0,1,1,0,1,2,1,3,8,5,5,8,13,Premiership - Scotland,3038383
St. Johnstone,Kilmarnock,2019-08-31,0,1,1,n,0,1,1,0,1,0,0,0,0,0,0,4,4,-1,-1,-1,-1,-1,Premiership - Scotland,3038384
Aberdeen,St. Johnstone,2019-09-14,1,1,2,y,1,1,1,1,2,0,0,0,0,0,0,2,2,-1,-1,-1,-1,-1,Premiership - Scotland,3038385
Hamilton Academical,Celtic,2019-09-14,0,1,1,n,0,1,1,0,1,0,0,0,0,0,2,0,2,1,4,4,1,5,Premiership - Scotland,3038386
Hearts,Motherwell,2019-09-14,2,3,5,y,0,1,1,0,1,2,2,2,2,4,3,3,6,-1,-1,-1,-1,-1,Premiership - Scotland,3038387
Kilmarnock,Hibernian,2019-09-14,2,0,2,n,0,0,0,0,0,2,0,0,2,2,0,1,1,-1,-1,-1,-1,-1,Premiership - Scotland,3038388
Rangers,Livingston,2019-09-14,3,1,4,y,0,0,0,0,0,3,1,1,3,4,0,3,3,-1,-1,-1,-1,-1,Premiership - Scotland,3038389
Ross County,St. Mirren,2019-09-14,2,1,3,y,0,0,0,0,0,2,1,1,2,3,2,1,3,-1,-1,-1,-1,-1,Premiership - Scotland,3038390
Celtic,Kilmarnock,2019-09-22,3,1,4,y,1,1,1,1,2,2,0,0,2,2,1,1,2,-1,-1,-1,-1,-1,Premiership - Scotland,3038391
Hibernian,Hearts,2019-09-22,1,2,3,y,0,0,0,0,0,1,2,2,1,3,1,1,2,7,7,7,7,14,Premiership - Scotland,3038392
Livingston,Aberdeen,2019-09-21,0,2,2,n,0,1,1,0,1,0,1,1,0,1,2,0,2,-1,-1,-1,-1,-1,Premiership - Scotland,3038393
Motherwell,Ross County,2019-09-21,1,2,3,y,0,0,0,0,0,1,2,2,1,3,3,2,5,-1,-1,-1,-1,-1,Premiership - Scotland,3038394
St. Johnstone,Rangers,2019-09-22,0,4,4,n,0,0,0,0,0,0,4,4,0,4,1,0,1,2,7,7,2,9,Premiership - Scotland,3038395
St. Mirren,Hamilton Academical,2019-09-21,0,0,0,n,0,0,0,0,0,0,0,0,0,0,1,4,5,-1,-1,-1,-1,-1,Premiership - Scotland,3038396
Hamilton Academical,Livingston,2019-09-28,2,1,3,y,1,1,1,1,2,1,0,0,1,1,1,1,2,-1,-1,-1,-1,-1,Premiership - Scotland,3038397
Hibernian,Celtic,2019-09-28,1,1,2,y,1,1,1,1,2,0,0,0,0,0,3,5,8,1,4,4,1,5,Premiership - Scotland,3038398
Kilmarnock,Ross County,2019-09-28,0,0,0,n,0,0,0,0,0,0,0,0,0,0,0,2,2,-1,-1,-1,-1,-1,Premiership - Scotland,3038399
Rangers,Aberdeen,2019-09-28,5,0,5,n,2,0,0,2,2,3,0,0,3,3,0,3,3,-1,-1,-1,-1,-1,Premiership - Scotland,3038400
St. Johnstone,Motherwell,2019-09-28,0,1,1,n,0,1,1,0,1,0,0,0,0,0,1,4,5,-1,-1,-1,-1,-1,Premiership - Scotland,3038401
St. Mirren,Hearts,2019-09-28,0,0,0,n,0,0,0,0,0,0,0,0,0,0,1,1,2,-1,-1,-1,-1,-1,Premiership - Scotland,3038402
Aberdeen,Hibernian,2019-10-05,1,1,2,y,0,0,0,0,0,1,1,1,1,2,3,1,4,-1,-1,-1,-1,-1,Premiership - Scotland,3038403
Hearts,Kilmarnock,2019-10-05,0,1,1,n,0,1,1,0,1,0,0,0,0,0,0,2,2,-1,-1,-1,-1,-1,Premiership - Scotland,3038404
Livingston,Celtic,2019-10-06,2,0,2,n,0,0,0,0,0,2,0,0,2,2,3,3,6,0,7,7,0,7,Premiership - Scotland,3038405
Motherwell,St. Mirren,2019-10-05,2,0,2,n,1,0,0,1,1,1,0,0,1,1,0,2,2,-1,-1,-1,-1,-1,Premiership - Scotland,3038406
Rangers,Hamilton Academical,2019-10-06,5,0,5,n,2,0,0,2,2,3,0,0,3,3,0,1,1,-1,-1,-1,-1,-1,Premiership - Scotland,3038407
Ross County,St. Johnstone,2019-10-05,2,2,4,y,1,1,1,1,2,1,1,1,1,2,2,3,5,-1,-1,-1,-1,-1,Premiership - Scotland,3038408
Celtic,Ross County,2019-10-19,6,0,6,n,1,0,0,1,1,5,0,0,5,5,0,1,1,-1,-1,-1,-1,-1,Premiership - Scotland,3038409
Hamilton Academical,Hibernian,2019-10-19,1,1,2,y,0,1,1,0,1,1,0,0,1,1,1,1,2,-1,-1,-1,-1,-1,Premiership - Scotland,3038410
Hearts,Rangers,2019-10-20,1,1,2,y,1,1,1,1,2,0,0,0,0,0,4,4,8,2,9,9,2,11,Premiership - Scotland,3038411
Kilmarnock,Livingston,2019-10-19,2,1,3,y,1,0,0,1,1,1,1,1,1,2,2,2,4,-1,-1,-1,-1,-1,Premiership - Scotland,3038412
Motherwell,Aberdeen,2019-10-19,0,3,3,n,0,1,1,0,1,0,2,2,0,2,1,2,3,-1,-1,-1,-1,-1,Premiership - Scotland,3038413
St. Mirren,St. Johnstone,2019-10-19,2,0,2,n,1,0,0,1,1,1,0,0,1,1,1,2,3,-1,-1,-1,-1,-1,Premiership - Scotland,3038414
Aberdeen,Celtic,2019-10-27,0,4,4,n,0,4,4,0,4,0,0,0,0,0,1,0,1,2,8,8,2,10,Premiership - Scotland,3038415
Hibernian,Ross County,2019-10-26,2,2,4,y,0,0,0,0,0,2,2,2,2,4,1,1,2,-1,-1,-1,-1,-1,Premiership - Scotland,3038416
Kilmarnock,St. Mirren,2019-10-26,1,0,1,n,0,0,0,0,0,1,0,0,1,1,0,0,0,-1,-1,-1,-1,-1,Premiership - Scotland,3038417
Livingston,Hearts,2019-10-26,0,0,0,n,0,0,0,0,0,0,0,0,0,0,5,3,8,-1,-1,-1,-1,-1,Premiership - Scotland,3038418
Rangers,Motherwell,2019-10-27,2,1,3,y,1,1,1,1,2,1,0,0,1,1,0,3,3,-1,-1,-1,-1,-1,Premiership - Scotland,3038419
St. Johnstone,Hamilton Academical,2019-10-26,3,2,5,y,1,1,1,1,2,2,1,1,2,3,0,1,1,-1,-1,-1,-1,-1,Premiership - Scotland,3038420
Celtic,St. Mirren,2019-10-30,2,0,2,n,0,0,0,0,0,2,0,0,2,2,0,1,1,-1,-1,-1,-1,-1,Premiership - Scotland,3038421
Hamilton Academical,Aberdeen,2019-10-30,0,1,1,n,0,1,1,0,1,0,0,0,0,0,1,1,2,-1,-1,-1,-1,-1,Premiership - Scotland,3038422
Hibernian,Livingston,2019-10-30,2,2,4,y,0,2,2,0,2,2,0,0,2,2,1,1,2,-1,-1,-1,-1,-1,Premiership - Scotland,3038423
Motherwell,Kilmarnock,2019-10-30,2,1,3,y,1,1,1,1,2,1,0,0,1,1,1,3,4,-1,-1,-1,-1,-1,Premiership - Scotland,3038424
Ross County,Rangers,2019-10-30,0,4,4,n,0,3,3,0,3,0,1,1,0,1,1,0,1,0,9,9,0,9,Premiership - Scotland,3038425
St. Johnstone,Hearts,2019-10-30,1,0,1,n,0,0,0,0,0,1,0,0,1,1,1,4,5,-1,-1,-1,-1,-1,Premiership - Scotland,3038426
Aberdeen,Kilmarnock,2019-11-02,3,0,3,n,2,0,0,2,2,1,0,0,1,1,2,2,4,-1,-1,-1,-1,-1,Premiership - Scotland,3038427
Hamilton Academical,Ross County,2019-11-02,2,2,4,y,0,1,1,0,1,2,1,1,2,3,3,3,6,-1,-1,-1,-1,-1,Premiership - Scotland,3038428
Hearts,Celtic,2019-12-18,0,2,2,n,0,2,2,0,2,0,0,0,0,0,4,2,6,2,7,7,2,9,Premiership - Scotland,3038429
Motherwell,Livingston,2019-11-02,2,1,3,y,0,0,0,0,0,2,1,1,2,3,1,2,3,-1,-1,-1,-1,-1,Premiership - Scotland,3038430
St. Mirren,Hibernian,2019-11-26,1,2,3,y,0,1,1,0,1,1,1,1,1,2,1,4,5,-1,-1,-1,-1,-1,Premiership - Scotland,3038432
Celtic,Motherwell,2019-11-10,2,0,2,n,1,0,0,1,1,1,0,0,1,1,0,1,1,-1,-1,-1,-1,-1,Premiership - Scotland,3038433
Hearts,St. Mirren,2019-11-09,5,2,7,y,3,2,2,3,5,2,0,0,2,2,0,0,0,-1,-1,-1,-1,-1,Premiership - Scotland,3038434
Kilmarnock,Hamilton Academical,2019-11-09,2,2,4,y,1,2,2,1,3,1,0,0,1,1,1,3,4,-1,-1,-1,-1,-1,Premiership - Scotland,3038435
Livingston,Rangers,2019-11-10,0,2,2,n,0,1,1,0,1,0,1,1,0,1,3,0,3,1,4,4,1,5,Premiership - Scotland,3038436
Ross County,Aberdeen,2019-11-09,1,3,4,y,1,1,1,1,2,0,2,2,0,2,2,1,3,-1,-1,-1,-1,-1,Premiership - Scotland,3038437
St. Johnstone,Hibernian,2019-11-09,1,4,5,y,0,2,2,0,2,1,2,2,1,3,1,0,1,-1,-1,-1,-1,-1,Premiership - Scotland,3038438
Celtic,Livingston,2019-11-23,4,0,4,n,1,0,0,1,1,3,0,0,3,3,1,2,3,-1,-1,-1,-1,-1,Premiership - Scotland,3038439
Hamilton Academical,Rangers,2019-11-24,1,3,4,y,1,2,2,1,3,0,1,1,0,1,2,2,4,4,9,9,4,13,Premiership - Scotland,3038440
Hibernian,Motherwell,2019-11-23,3,1,4,y,2,1,1,2,3,1,0,0,1,1,3,2,5,-1,-1,-1,-1,-1,Premiership - Scotland,3038441
Kilmarnock,Hearts,2019-11-23,3,0,3,n,3,0,0,3,3,0,0,0,0,0,1,0,1,-1,-1,-1,-1,-1,Premiership - Scotland,3038442
St. Johnstone,Aberdeen,2019-11-24,1,1,2,y,0,1,1,0,1,1,0,0,1,1,5,3,8,3,6,6,3,9,Premiership - Scotland,3038443
St. Mirren,Ross County,2019-11-23,2,1,3,y,1,1,1,1,2,1,0,0,1,1,1,4,5,-1,-1,-1,-1,-1,Premiership - Scotland,3038444
Aberdeen,St. Mirren,2019-11-30,2,1,3,y,1,1,1,1,2,1,0,0,1,1,1,2,3,-1,-1,-1,-1,-1,Premiership - Scotland,3038445
Hibernian,Kilmarnock,2019-11-30,2,2,4,y,1,0,0,1,1,1,2,2,1,3,1,1,2,-1,-1,-1,-1,-1,Premiership - Scotland,3038446
Livingston,Hamilton Academical,2019-11-30,0,0,0,n,0,0,0,0,0,0,0,0,0,0,0,1,1,-1,-1,-1,-1,-1,Premiership - Scotland,3038447
Motherwell,St. Johnstone,2019-11-30,4,0,4,n,1,0,0,1,1,3,0,0,3,3,0,1,1,-1,-1,-1,-1,-1,Premiership - Scotland,3038448
Rangers,Hearts,2019-12-01,5,0,5,n,2,0,0,2,2,3,0,0,3,3,2,3,5,-1,-1,-1,-1,-1,Premiership - Scotland,3038449
Ross County,Celtic,2019-12-01,1,4,5,y,1,2,2,1,3,0,2,2,0,2,1,2,3,0,11,11,0,11,Premiership - Scotland,3038450
Aberdeen,Rangers,2019-12-04,2,2,4,y,1,2,2,1,3,1,0,0,1,1,2,2,4,-1,-1,-1,-1,-1,Premiership - Scotland,3038451
Celtic,Hamilton Academical,2019-12-04,2,1,3,y,1,0,0,1,1,1,1,1,1,2,0,0,0,-1,-1,-1,-1,-1,Premiership - Scotland,3038452
Hearts,Livingston,2019-12-04,1,1,2,y,0,1,1,0,1,1,0,0,1,1,0,4,4,-1,-1,-1,-1,-1,Premiership - Scotland,3038453
Kilmarnock,St. Johnstone,2019-12-04,0,0,0,n,0,0,0,0,0,0,0,0,0,0,1,1,2,-1,-1,-1,-1,-1,Premiership - Scotland,3038454
Ross County,Hibernian,2019-12-04,2,1,3,y,0,1,1,0,1,2,0,0,2,2,3,2,5,-1,-1,-1,-1,-1,Premiership - Scotland,3038455
St. Mirren,Motherwell,2019-12-04,0,3,3,n,0,2,2,0,2,0,1,1,0,1,1,1,2,-1,-1,-1,-1,-1,Premiership - Scotland,3038456
Hamilton Academical,St. Mirren,2019-12-07,0,1,1,n,0,0,0,0,0,0,1,1,0,1,2,3,5,-1,-1,-1,-1,-1,Premiership - Scotland,3038457
Hibernian,Aberdeen,2019-12-07,3,0,3,n,0,0,0,0,0,3,0,0,3,3,0,2,2,-1,-1,-1,-1,-1,Premiership - Scotland,3038458
Livingston,Kilmarnock,2019-12-07,3,0,3,n,0,0,0,0,0,3,0,0,3,3,0,2,2,-1,-1,-1,-1,-1,Premiership - Scotland,3038459
Motherwell,Hearts,2019-12-07,1,0,1,n,1,0,0,1,1,0,0,0,0,0,3,2,5,-1,-1,-1,-1,-1,Premiership - Scotland,3038460
Aberdeen,Hamilton Academical,2019-12-14,1,0,1,n,0,0,0,0,0,1,0,0,1,1,0,1,1,-1,-1,-1,-1,-1,Premiership - Scotland,3038463
Celtic,Hibernian,2019-12-15,2,0,2,n,1,0,0,1,1,1,0,0,1,1,1,2,3,-1,-1,-1,-1,-1,Premiership - Scotland,3038464
Hearts,St. Johnstone,2019-12-14,0,1,1,n,0,0,0,0,0,0,1,1,0,1,2,2,4,-1,-1,-1,-1,-1,Premiership - Scotland,3038465
Motherwell,Rangers,2019-12-15,0,2,2,n,0,1,1,0,1,0,1,1,0,1,3,4,7,2,9,9,2,11,Premiership - Scotland,3038466
Ross County,Kilmarnock,2019-12-14,1,0,1,n,0,0,0,0,0,1,0,0,1,1,3,1,4,-1,-1,-1,-1,-1,Premiership - Scotland,3038467
St. Mirren,Livingston,2019-12-14,3,3,6,y,1,2,2,1,3,2,1,1,2,3,1,3,4,-1,-1,-1,-1,-1,Premiership - Scotland,3038468
Celtic,Aberdeen,2019-12-21,2,1,3,y,1,1,1,1,2,1,0,0,1,1,2,2,4,-1,-1,-1,-1,-1,Premiership - Scotland,3038469
Hamilton Academical,Hearts,2019-12-21,2,1,3,y,0,0,0,0,0,2,1,1,2,3,3,4,7,-1,-1,-1,-1,-1,Premiership - Scotland,3038470
Kilmarnock,Motherwell,2019-12-21,0,1,1,n,0,0,0,0,0,0,1,1,0,1,1,3,4,-1,-1,-1,-1,-1,Premiership - Scotland,3038472
Livingston,Ross County,2019-12-21,4,0,4,n,2,0,0,2,2,2,0,0,2,2,1,0,1,-1,-1,-1,-1,-1,Premiership - Scotland,3038473
St. Johnstone,St. Mirren,2019-12-21,0,0,0,n,0,0,0,0,0,0,0,0,0,0,3,2,5,-1,-1,-1,-1,-1,Premiership - Scotland,3038474
Hibernian,Rangers,2019-12-20,0,3,3,n,0,2,2,0,2,0,1,1,0,1,6,1,7,2,5,5,2,7,Premiership - Scotland,3038471
Hamilton Academical,St. Johnstone,2019-12-26,0,1,1,n,0,0,0,0,0,0,1,1,0,1,1,2,3,-1,-1,-1,-1,-1,Premiership - Scotland,3038476
Hearts,Hibernian,2019-12-26,0,2,2,n,0,2,2,0,2,0,0,0,0,0,3,2,5,10,2,2,10,12,Premiership - Scotland,3038477
Rangers,Kilmarnock,2019-12-26,1,0,1,n,0,0,0,0,0,1,0,0,1,1,0,3,3,12,1,1,12,13,Premiership - Scotland,3038478
Aberdeen,Livingston,2019-12-26,2,1,3,y,1,0,0,1,1,1,1,1,1,2,1,0,1,-1,-1,-1,-1,-1,Premiership - Scotland,3038475
Ross County,Motherwell,2019-12-26,1,2,3,y,1,0,0,1,1,0,2,2,0,2,5,3,8,-1,-1,-1,-1,-1,Premiership - Scotland,3038479
St. Mirren,Celtic,2019-12-26,1,2,3,y,0,2,2,0,2,1,0,0,1,1,1,1,2,3,10,10,3,13,Premiership - Scotland,3038480
Celtic,Rangers,2019-12-29,1,2,3,y,1,1,1,1,2,0,1,1,0,1,3,5,8,11,7,7,11,18,Premiership - Scotland,3038481
Hearts,Aberdeen,2019-12-29,1,1,2,y,0,0,0,0,0,1,1,1,1,2,3,3,6,-1,-1,-1,-1,-1,Premiership - Scotland,3038482
Livingston,Hibernian,2019-12-29,2,0,2,n,0,0,0,0,0,2,0,0,2,2,2,1,3,-1,-1,-1,-1,-1,Premiership - Scotland,3038483
Motherwell,Hamilton Academical,2019-12-29,1,2,3,y,1,0,0,1,1,0,2,2,0,2,2,3,5,-1,-1,-1,-1,-1,Premiership - Scotland,3038484
St. Mirren,Kilmarnock,2019-12-29,1,0,1,n,1,0,0,1,1,0,0,0,0,0,2,3,5,-1,-1,-1,-1,-1,Premiership - Scotland,3038486
St. Johnstone,Ross County,2019-12-29,1,1,2,y,0,0,0,0,0,1,1,1,1,2,2,8,10,-1,-1,-1,-1,-1,Premiership - Scotland,3038485
Aberdeen,Motherwell,2020-01-22,0,1,1,n,0,1,1,0,1,0,0,0,0,0,1,3,4,-1,-1,-1,-1,-1,Premiership - Scotland,3038487
Rangers,St. Mirren,2020-01-22,1,0,1,n,1,0,0,1,1,0,0,0,0,0,2,2,4,-1,-1,-1,-1,-1,Premiership - Scotland,3038491
Hibernian,Hamilton Academical,2020-01-22,2,1,3,y,0,1,1,0,1,2,0,0,2,2,0,3,3,-1,-1,-1,-1,-1,Premiership - Scotland,3038488
Kilmarnock,Celtic,2020-01-22,1,3,4,y,0,1,1,0,1,1,2,2,1,3,1,2,3,-1,-1,-1,-1,-1,Premiership - Scotland,3038489
Livingston,St. Johnstone,2020-01-22,1,0,1,n,0,0,0,0,0,1,0,0,1,1,2,1,3,-1,-1,-1,-1,-1,Premiership - Scotland,3038490
Ross County,Hearts,2020-01-22,0,0,0,n,0,0,0,0,0,0,0,0,0,0,1,1,2,-1,-1,-1,-1,-1,Premiership - Scotland,3038492
Celtic,Ross County,2020-01-25,3,0,3,n,1,0,0,1,1,2,0,0,2,2,1,0,1,-1,-1,-1,-1,-1,Premiership - Scotland,3038493
Hamilton Academical,Livingston,2020-01-25,2,4,6,y,1,2,2,1,3,1,2,2,1,3,1,1,2,-1,-1,-1,-1,-1,Premiership - Scotland,3038494
Hearts,Rangers,2020-01-26,2,1,3,y,0,0,0,0,0,2,1,1,2,3,1,2,3,4,6,6,4,10,Premiership - Scotland,3038495
Motherwell,Hibernian,2020-01-25,0,0,0,n,0,0,0,0,0,0,0,0,0,0,1,5,6,-1,-1,-1,-1,-1,Premiership - Scotland,3038496
St. Johnstone,Kilmarnock,2020-01-25,2,1,3,y,1,1,1,1,2,1,0,0,1,1,2,3,5,-1,-1,-1,-1,-1,Premiership - Scotland,3038497
St. Mirren,Aberdeen,2020-01-26,0,0,0,n,0,0,0,0,0,0,0,0,0,0,1,0,1,2,11,11,2,13,Premiership - Scotland,3038498
Rangers,Ross County,2020-01-29,2,0,2,n,1,0,0,1,1,1,0,0,1,1,2,4,6,-1,-1,-1,-1,-1,Premiership - Scotland,3038461
St. Johnstone,Celtic,2020-01-29,0,3,3,n,0,3,3,0,3,0,0,0,0,0,2,0,2,6,3,3,6,9,Premiership - Scotland,3038462
Hamilton Academical,Celtic,2020-02-02,1,4,5,y,1,1,1,1,2,0,3,3,0,3,4,2,6,2,15,15,2,17,Premiership - Scotland,3038499
Hibernian,St. Mirren,2020-02-01,2,2,4,y,2,2,2,2,4,0,0,0,0,0,2,1,3,-1,-1,-1,-1,-1,Premiership - Scotland,3038500
Livingston,Motherwell,2020-02-01,1,0,1,n,0,0,0,0,0,1,0,0,1,1,2,3,5,-1,-1,-1,-1,-1,Premiership - Scotland,3038502
Rangers,Aberdeen,2020-02-01,0,0,0,n,0,0,0,0,0,0,0,0,0,0,3,4,7,-1,-1,-1,-1,-1,Premiership - Scotland,3038503
St. Johnstone,Hearts,2020-02-01,3,3,6,y,1,2,2,1,3,2,1,1,2,3,2,3,5,-1,-1,-1,-1,-1,Premiership - Scotland,3038504
Kilmarnock,Ross County,2020-02-01,3,1,4,y,0,1,1,0,1,3,0,0,3,3,1,3,4,-1,-1,-1,-1,-1,Premiership - Scotland,3038501
Aberdeen,St. Johnstone,2020-02-05,0,1,1,n,0,1,1,0,1,0,0,0,0,0,2,2,4,-1,-1,-1,-1,-1,Premiership - Scotland,3038505
Hearts,Kilmarnock,2020-02-05,2,3,5,y,0,2,2,0,2,2,1,1,2,3,4,3,7,-1,-1,-1,-1,-1,Premiership - Scotland,3038506
Motherwell,Celtic,2020-02-05,0,4,4,n,0,1,1,0,1,0,3,3,0,3,1,0,1,4,2,2,4,6,Premiership - Scotland,3038507
Rangers,Hibernian,2020-02-05,2,1,3,y,1,1,1,1,2,1,0,0,1,1,1,2,3,-1,-1,-1,-1,-1,Premiership - Scotland,3038508
Ross County,Livingston,2020-02-05,2,0,2,n,1,0,0,1,1,1,0,0,1,1,3,3,6,-1,-1,-1,-1,-1,Premiership - Scotland,3038509
St. Mirren,Hamilton Academical,2020-02-05,1,1,2,y,0,1,1,0,1,1,0,0,1,1,2,1,3,-1,-1,-1,-1,-1,Premiership - Scotland,3038510
Hamilton Academical,Aberdeen,2020-02-11,1,3,4,y,0,3,3,0,3,1,0,0,1,1,0,1,1,4,8,8,4,12,Premiership - Scotland,3038512
Celtic,Hearts,2020-02-12,5,0,5,n,1,0,0,1,1,4,0,0,4,4,1,3,4,-1,-1,-1,-1,-1,Premiership - Scotland,3038511
Hibernian,Ross County,2020-02-12,3,0,3,n,2,0,0,2,2,1,0,0,1,1,1,3,4,-1,-1,-1,-1,-1,Premiership - Scotland,3038513
Kilmarnock,Rangers,2020-02-12,2,1,3,y,0,1,1,0,1,2,0,0,2,2,3,3,6,9,3,3,9,12,Premiership - Scotland,3038514
St. Johnstone,Motherwell,2020-02-12,2,1,3,y,1,1,1,1,2,1,0,0,1,1,0,4,4,-1,-1,-1,-1,-1,Premiership - Scotland,3038516
Livingston,St. Mirren,2020-02-12,2,1,3,y,1,0,0,1,1,1,1,1,1,2,0,1,1,-1,-1,-1,-1,-1,Premiership - Scotland,3038515
Aberdeen,Celtic,2020-02-16,1,2,3,y,1,1,1,1,2,0,1,1,0,1,2,1,3,5,3,3,5,8,Premiership - Scotland,3038517
Hearts,Hamilton Academical,2020-02-15,2,2,4,y,0,2,2,0,2,2,0,0,2,2,2,2,4,-1,-1,-1,-1,-1,Premiership - Scotland,3038518
Kilmarnock,Hibernian,2020-02-16,1,2,3,y,1,2,2,1,3,0,0,0,0,0,2,2,4,10,6,6,10,16,Premiership - Scotland,3038519
Rangers,Livingston,2020-02-16,1,0,1,n,0,0,0,0,0,1,0,0,1,1,0,3,3,-1,-1,-1,-1,-1,Premiership - Scotland,3038521
Ross County,St. Johnstone,2020-02-15,1,1,2,y,0,1,1,0,1,1,0,0,1,1,1,1,2,-1,-1,-1,-1,-1,Premiership - Scotland,3038522
Aberdeen,Ross County,2020-02-22,1,2,3,y,1,1,1,1,2,0,1,1,0,1,2,1,3,-1,-1,-1,-1,-1,Premiership - Scotland,3038523
Celtic,Kilmarnock,2020-02-23,3,1,4,y,2,1,1,2,3,1,0,0,1,1,1,3,4,-1,-1,-1,-1,-1,Premiership - Scotland,3038524
Hibernian,Livingston,2020-02-22,1,1,2,y,0,0,0,0,0,1,1,1,1,2,1,1,2,-1,-1,-1,-1,-1,Premiership - Scotland,3038526
St. Johnstone,Rangers,2020-02-23,2,2,4,y,1,0,0,1,1,1,2,2,1,3,1,0,1,5,6,6,5,11,Premiership - Scotland,3038527
Hamilton Academical,Motherwell,2020-02-22,0,0,0,n,0,0,0,0,0,0,0,0,0,0,2,5,7,-1,-1,-1,-1,-1,Premiership - Scotland,3038525
Motherwell,St. Mirren,2020-02-25,1,2,3,y,1,0,0,1,1,0,2,2,0,2,1,5,6,-1,-1,-1,-1,-1,Premiership - Scotland,3038520
Hibernian,Hearts,2020-03-03,1,3,4,y,0,0,0,0,0,1,3,3,1,4,3,2,5,5,7,7,5,12,Premiership - Scotland,3038529
Motherwell,Ross County,2020-03-04,4,1,5,y,2,1,1,2,3,2,0,0,2,2,2,3,5,-1,-1,-1,-1,-1,Premiership - Scotland,3038532
Rangers,Hamilton Academical,2020-03-04,0,1,1,n,0,0,0,0,0,0,1,1,0,1,1,1,2,-1,-1,-1,-1,-1,Premiership - Scotland,3038533
St. Mirren,St. Johnstone,2020-03-04,0,0,0,n,0,0,0,0,0,0,0,0,0,0,2,3,5,-1,-1,-1,-1,-1,Premiership - Scotland,3038534
Kilmarnock,Aberdeen,2020-03-04,2,2,4,y,2,1,1,2,3,0,1,1,0,1,0,5,5,-1,-1,-1,-1,-1,Premiership - Scotland,3038530
Livingston,Celtic,2020-03-04,2,2,4,y,1,1,1,1,2,1,1,1,1,2,3,1,4,4,7,7,4,11,Premiership - Scotland,3038531
Aberdeen,Hibernian,2020-03-07,3,1,4,y,0,1,1,0,1,3,0,0,3,3,0,4,4,-1,-1,-1,-1,-1,Premiership - Scotland,3038535
Hearts,Motherwell,2020-03-07,1,1,2,y,0,1,1,0,1,1,0,0,1,1,2,3,5,-1,-1,-1,-1,-1,Premiership - Scotland,3038538
Celtic,St. Mirren,2020-03-07,5,0,5,n,2,0,0,2,2,3,0,0,3,3,1,2,3,-1,-1,-1,-1,-1,Premiership - Scotland,3038536
Hamilton Academical,Kilmarnock,2020-03-07,1,0,1,n,0,0,0,0,0,1,0,0,1,1,4,2,6,-1,-1,-1,-1,-1,Premiership - Scotland,3038537
Ross County,Rangers,2020-03-08,0,1,1,n,0,0,0,0,0,0,1,1,0,1,4,0,4,5,15,15,5,20,Premiership - Scotland,3038539
St. Johnstone,Livingston,2020-03-07,1,0,1,n,0,0,0,0,0,1,0,0,1,1,1,2,3,-1,-1,-1,-1,-1,Premiership - Scotland,3038540
St. Mirren,Hearts,2020-03-11,1,0,1,n,0,0,0,0,0,1,0,0,1,1,0,2,2,-1,-1,-1,-1,-1,Premiership - Scotland,3038528
