Almería,Albacete,2019-08-17,3,0,3,n,0,0,0,0,0,3,0,0,3,3,1,1,2,7,0,0,7,7,Segunda División - Spain,3059913
Cádiz,Ponferradina,2019-08-18,3,1,4,y,0,1,1,0,1,3,0,0,3,3,1,3,4,6,4,4,6,10,Segunda División - Spain,3059914
Deportivo La Coruña,Real Oviedo,2019-08-18,3,2,5,y,1,0,0,1,1,2,2,2,2,4,0,3,3,2,7,7,2,9,Segunda División - Spain,3059915
Elche,Fuenlabrada,2019-08-17,0,2,2,n,0,2,2,0,2,0,0,0,0,0,2,3,5,4,5,5,4,9,Segunda División - Spain,3059916
Girona,Sporting Gijón,2019-08-18,1,1,2,y,0,0,0,0,0,1,1,1,1,2,2,2,4,4,5,5,4,9,Segunda División - Spain,3059917
Las Palmas,Huesca,2019-08-18,0,1,1,n,0,0,0,0,0,0,1,1,0,1,3,3,6,7,3,3,7,10,Segunda División - Spain,3059918
Lugo,Extremadura UD,2019-08-17,0,0,0,n,0,0,0,0,0,0,0,0,0,0,1,1,2,5,9,9,5,14,Segunda División - Spain,3059919
Numancia,Alcorcón,2019-08-18,0,1,1,n,0,0,0,0,0,0,1,1,0,1,2,6,8,6,3,3,6,9,Segunda División - Spain,3059920
Racing Santander,Málaga,2019-08-17,0,1,1,n,0,0,0,0,0,0,1,1,0,1,3,2,5,6,4,4,6,10,Segunda División - Spain,3059921
Rayo Vallecano,Mirandés,2019-08-17,2,2,4,y,2,1,1,2,3,0,1,1,0,1,1,4,5,7,3,3,7,10,Segunda División - Spain,3059922
Real Zaragoza,Tenerife,2019-08-17,2,0,2,n,1,0,0,1,1,1,0,0,1,1,1,3,4,1,4,4,1,5,Segunda División - Spain,3059923
Albacete,Girona,2019-08-23,1,0,1,n,0,0,0,0,0,1,0,0,1,1,2,3,5,4,3,3,4,7,Segunda División - Spain,3059924
Alcorcón,Elche,2019-08-24,1,2,3,y,1,0,0,1,1,0,2,2,0,2,5,1,6,10,4,4,10,14,Segunda División - Spain,3059925
Extremadura UD,Fuenlabrada,2019-08-25,1,2,3,y,0,1,1,0,1,1,1,1,1,2,1,4,5,3,4,4,3,7,Segunda División - Spain,3059926
Huesca,Deportivo La Coruña,2019-08-25,3,1,4,y,2,0,0,2,2,1,1,1,1,2,1,2,3,1,2,2,1,3,Segunda División - Spain,3059927
Mirandés,Cádiz,2019-08-24,1,2,3,y,0,0,0,0,0,1,2,2,1,3,5,1,6,6,3,3,6,9,Segunda División - Spain,3059928
Málaga,Las Palmas,2019-08-24,1,1,2,y,0,0,0,0,0,1,1,1,1,2,1,4,5,9,3,3,9,12,Segunda División - Spain,3059929
Ponferradina,Real Zaragoza,2019-08-25,1,1,2,y,0,0,0,0,0,1,1,1,1,2,2,1,3,2,4,4,2,6,Segunda División - Spain,3059930
Real Oviedo,Lugo,2019-08-24,1,1,2,y,1,0,0,1,1,0,1,1,0,1,2,5,7,4,10,10,4,14,Segunda División - Spain,3059931
Racing Santander,Almería,2019-08-24,1,1,2,y,1,0,0,1,1,0,1,1,0,1,2,2,4,3,3,3,3,6,Segunda División - Spain,3059932
Tenerife,Numancia,2019-08-25,3,2,5,y,1,0,0,1,1,2,2,2,2,4,3,0,3,5,4,4,5,9,Segunda División - Spain,3059933
Sporting Gijón,Rayo Vallecano,2019-08-25,1,1,2,y,1,0,0,1,1,0,1,1,0,1,5,6,11,1,5,5,1,6,Segunda División - Spain,3059934
Almería,Huesca,2019-08-31,1,0,1,n,1,0,0,1,1,0,0,0,0,0,2,2,4,6,6,6,6,12,Segunda División - Spain,3059935
Cádiz,Extremadura UD,2019-09-01,2,1,3,y,1,0,0,1,1,1,1,1,1,2,3,2,5,14,4,4,14,18,Segunda División - Spain,3059936
Fuenlabrada,Real Oviedo,2019-08-31,2,1,3,y,1,1,1,1,2,1,0,0,1,1,0,2,2,7,5,5,7,12,Segunda División - Spain,3059937
Girona,Málaga,2019-09-01,1,0,1,n,1,0,0,1,1,0,0,0,0,0,3,3,6,3,5,5,3,8,Segunda División - Spain,3059938
Las Palmas,Racing Santander,2019-08-31,2,2,4,y,0,1,1,0,1,2,1,1,2,3,5,3,8,9,0,0,9,9,Segunda División - Spain,3059939
Lugo,Alcorcón,2019-09-01,2,4,6,y,1,2,2,1,3,1,2,2,1,3,2,3,5,11,3,3,11,14,Segunda División - Spain,3059940
Numancia,Mirandés,2019-08-31,2,0,2,n,0,0,0,0,0,2,0,0,2,2,2,0,2,6,1,1,6,7,Segunda División - Spain,3059941
Ponferradina,Tenerife,2019-09-01,4,0,4,n,1,0,0,1,1,3,0,0,3,3,2,3,5,5,6,6,5,11,Segunda División - Spain,3059942
Rayo Vallecano,Deportivo La Coruña,2019-09-01,3,1,4,y,2,1,1,2,3,1,0,0,1,1,1,1,2,5,8,8,5,13,Segunda División - Spain,3059943
Sporting Gijón,Albacete,2019-09-01,2,0,2,n,0,0,0,0,0,2,0,0,2,2,2,3,5,3,3,3,3,6,Segunda División - Spain,3059944
Real Zaragoza,Elche,2019-08-30,1,0,1,n,0,0,0,0,0,1,0,0,1,1,4,1,5,6,3,3,6,9,Segunda División - Spain,3059945
Alcorcón,Real Zaragoza,2019-09-08,0,3,3,n,0,2,2,0,2,0,1,1,0,1,1,2,3,8,9,9,8,17,Segunda División - Spain,3059946
Deportivo La Coruña,Albacete,2019-09-07,0,1,1,n,0,0,0,0,0,0,1,1,0,1,1,5,6,3,1,1,3,4,Segunda División - Spain,3059947
Elche,Lugo,2019-09-08,1,1,2,y,1,0,0,1,1,0,1,1,0,1,3,3,6,1,3,3,1,4,Segunda División - Spain,3059948
Extremadura UD,Numancia,2019-09-07,0,0,0,n,0,0,0,0,0,0,0,0,0,0,1,4,5,12,5,5,12,17,Segunda División - Spain,3059949
Fuenlabrada,Ponferradina,2019-09-07,1,1,2,y,0,1,1,0,1,1,0,0,1,1,2,2,4,7,2,2,7,9,Segunda División - Spain,3059950
Girona,Rayo Vallecano,2019-09-08,3,1,4,y,1,0,0,1,1,2,1,1,2,3,1,4,5,4,4,4,4,8,Segunda División - Spain,3059951
Huesca,Sporting Gijón,2019-09-08,1,0,1,n,0,0,0,0,0,1,0,0,1,1,3,3,6,2,1,1,2,3,Segunda División - Spain,3059952
Mirandés,Real Oviedo,2019-09-08,2,1,3,y,1,1,1,1,2,1,0,0,1,1,1,2,3,9,4,4,9,13,Segunda División - Spain,3059953
Málaga,Almería,2019-09-07,0,1,1,n,0,1,1,0,1,0,0,0,0,0,4,4,8,4,3,3,4,7,Segunda División - Spain,3059954
Racing Santander,Cádiz,2019-09-06,1,2,3,y,0,1,1,0,1,1,1,1,1,2,3,4,7,3,1,1,3,4,Segunda División - Spain,3059955
Tenerife,Las Palmas,2019-09-07,0,0,0,n,0,0,0,0,0,0,0,0,0,0,3,5,8,6,4,4,6,10,Segunda División - Spain,3059956
Albacete,Tenerife,2019-09-15,0,4,4,n,0,2,2,0,2,0,2,2,0,2,6,3,9,3,3,3,3,6,Segunda División - Spain,3059957
Cádiz,Girona,2019-09-14,2,0,2,n,1,0,0,1,1,1,0,0,1,1,3,2,5,3,3,3,3,6,Segunda División - Spain,3059958
Las Palmas,Almería,2019-09-14,0,3,3,n,0,1,1,0,1,0,2,2,0,2,3,4,7,4,5,5,4,9,Segunda División - Spain,3059959
Lugo,Fuenlabrada,2019-09-15,2,0,2,n,2,0,0,2,2,0,0,0,0,0,1,4,5,6,6,6,6,12,Segunda División - Spain,3059960
Mirandés,Málaga,2019-09-14,1,1,2,y,0,0,0,0,0,1,1,1,1,2,2,3,5,6,4,4,6,10,Segunda División - Spain,3059961
Numancia,Huesca,2019-09-14,1,0,1,n,0,0,0,0,0,1,0,0,1,1,2,3,5,2,10,10,2,12,Segunda División - Spain,3059962
Ponferradina,Alcorcón,2019-09-14,1,1,2,y,1,0,0,1,1,0,1,1,0,1,1,5,6,5,5,5,5,10,Segunda División - Spain,3059963
Real Oviedo,Elche,2019-09-15,0,2,2,n,0,1,1,0,1,0,1,1,0,1,3,2,5,6,4,4,6,10,Segunda División - Spain,3059964
Rayo Vallecano,Racing Santander,2019-09-13,2,0,2,n,1,0,0,1,1,1,0,0,1,1,4,2,6,12,3,3,12,15,Segunda División - Spain,3059965
Sporting Gijón,Deportivo La Coruña,2019-09-15,1,1,2,y,1,0,0,1,1,0,1,1,0,1,4,4,8,1,3,3,1,4,Segunda División - Spain,3059966
Real Zaragoza,Extremadura UD,2019-09-15,3,1,4,y,1,0,0,1,1,2,1,1,2,3,1,1,2,6,5,5,6,11,Segunda División - Spain,3059967
Alcorcón,Cádiz,2019-09-17,3,0,3,n,1,0,0,1,1,2,0,0,2,2,5,6,11,3,4,4,3,7,Segunda División - Spain,3059968
Almería,Girona,2019-09-17,3,1,4,y,1,0,0,1,1,2,1,1,2,3,3,4,7,1,4,4,1,5,Segunda División - Spain,3059969
Deportivo La Coruña,Numancia,2019-09-18,3,3,6,y,0,1,1,0,1,3,2,2,3,5,3,0,3,5,5,5,5,10,Segunda División - Spain,3059970
Elche,Tenerife,2019-09-19,1,1,2,y,1,0,0,1,1,0,1,1,0,1,2,0,2,4,5,5,4,9,Segunda División - Spain,3059971
Fuenlabrada,Real Zaragoza,2019-10-16,2,1,3,y,1,0,0,1,1,1,1,1,1,2,3,5,8,3,2,2,3,5,Segunda División - Spain,3059972
Huesca,Albacete,2019-09-18,0,1,1,n,0,1,1,0,1,0,0,0,0,0,1,7,8,10,1,1,10,11,Segunda División - Spain,3059973
Las Palmas,Sporting Gijón,2019-09-19,1,0,1,n,0,0,0,0,0,1,0,0,1,1,4,5,9,7,4,4,7,11,Segunda División - Spain,3059974
Lugo,Ponferradina,2019-09-18,2,2,4,y,2,0,0,2,2,0,2,2,0,2,2,4,6,2,8,8,2,10,Segunda División - Spain,3059975
Málaga,Rayo Vallecano,2019-09-17,1,1,2,y,1,0,0,1,1,0,1,1,0,1,2,2,4,4,6,6,4,10,Segunda División - Spain,3059976
Real Oviedo,Extremadura UD,2019-09-19,1,1,2,y,0,0,0,0,0,1,1,1,1,2,3,4,7,7,3,3,7,10,Segunda División - Spain,3059977
Racing Santander,Mirandés,2019-09-17,4,0,4,n,2,0,0,2,2,2,0,0,2,2,1,4,5,5,4,4,5,9,Segunda División - Spain,3059978
Albacete,Málaga,2019-09-21,1,0,1,n,0,0,0,0,0,1,0,0,1,1,2,2,4,2,7,7,2,9,Segunda División - Spain,3059979
Cádiz,Deportivo La Coruña,2019-09-21,0,0,0,n,0,0,0,0,0,0,0,0,0,0,2,2,4,12,0,0,12,12,Segunda División - Spain,3059980
Extremadura UD,Huesca,2019-09-22,0,1,1,n,0,1,1,0,1,0,0,0,0,0,1,4,5,10,5,5,10,15,Segunda División - Spain,3059981
Girona,Las Palmas,2019-09-22,1,0,1,n,0,0,0,0,0,1,0,0,1,1,2,1,3,3,6,6,3,9,Segunda División - Spain,3059982
Mirandés,Alcorcón,2019-09-20,2,2,4,y,2,1,1,2,3,0,1,1,0,1,3,4,7,7,3,3,7,10,Segunda División - Spain,3059983
Numancia,Elche,2019-09-22,1,1,2,y,1,1,1,1,2,0,0,0,0,0,2,2,4,3,7,7,3,10,Segunda División - Spain,3059984
Ponferradina,Real Oviedo,2019-09-22,2,1,3,y,0,0,0,0,0,2,1,1,2,3,2,3,5,3,4,4,3,7,Segunda División - Spain,3059985
Rayo Vallecano,Almería,2019-09-21,1,1,2,y,0,0,0,0,0,1,1,1,1,2,1,1,2,8,0,0,8,8,Segunda División - Spain,3059986
Tenerife,Fuenlabrada,2019-09-22,0,1,1,n,0,0,0,0,0,0,1,1,0,1,5,2,7,8,5,5,8,13,Segunda División - Spain,3059987
Sporting Gijón,Racing Santander,2019-09-22,1,1,2,y,1,0,0,1,1,0,1,1,0,1,5,2,7,4,8,8,4,12,Segunda División - Spain,3059988
Real Zaragoza,Lugo,2019-09-21,0,0,0,n,0,0,0,0,0,0,0,0,0,0,1,4,5,8,3,3,8,11,Segunda División - Spain,3059989
Alcorcón,Extremadura UD,2019-09-28,0,2,2,n,0,0,0,0,0,0,2,2,0,2,3,3,6,4,5,5,4,9,Segunda División - Spain,3059990
Almería,Cádiz,2019-09-29,1,2,3,y,0,0,0,0,0,1,2,2,1,3,2,4,6,1,6,6,1,7,Segunda División - Spain,3059991
Deportivo La Coruña,Mirandés,2019-09-29,1,1,2,y,0,0,0,0,0,1,1,1,1,2,2,1,3,5,6,6,5,11,Segunda División - Spain,3059992
Elche,Ponferradina,2019-09-28,1,0,1,n,1,0,0,1,1,0,0,0,0,0,5,3,8,9,0,0,9,9,Segunda División - Spain,3059993
Fuenlabrada,Rayo Vallecano,2019-09-28,2,2,4,y,0,1,1,0,1,2,1,1,2,3,1,6,7,7,4,4,7,11,Segunda División - Spain,3059994
Huesca,Girona,2019-09-28,1,0,1,n,1,0,0,1,1,0,0,0,0,0,2,5,7,5,6,6,5,11,Segunda División - Spain,3059995
Las Palmas,Albacete,2019-09-27,3,2,5,y,2,0,0,2,2,1,2,2,1,3,4,4,8,5,3,3,5,8,Segunda División - Spain,3059996
Lugo,Tenerife,2019-09-29,1,4,5,y,1,2,2,1,3,0,2,2,0,2,2,4,6,9,3,3,9,12,Segunda División - Spain,3059997
Málaga,Sporting Gijón,2019-09-29,0,0,0,n,0,0,0,0,0,0,0,0,0,0,2,1,3,13,3,3,13,16,Segunda División - Spain,3059998
Real Oviedo,Real Zaragoza,2019-09-29,2,2,4,y,1,1,1,1,2,1,1,1,1,2,4,3,7,6,5,5,6,11,Segunda División - Spain,3059999
Racing Santander,Numancia,2019-09-28,0,0,0,n,0,0,0,0,0,0,0,0,0,0,2,2,4,5,6,6,5,11,Segunda División - Spain,3060000
Albacete,Racing Santander,2019-10-01,0,0,0,n,0,0,0,0,0,0,0,0,0,0,2,5,7,5,4,4,5,9,Segunda División - Spain,3060001
Cádiz,Huesca,2019-10-02,1,0,1,n,0,0,0,0,0,1,0,0,1,1,0,2,2,5,6,6,5,11,Segunda División - Spain,3060002
Extremadura UD,Elche,2019-10-01,2,0,2,n,0,0,0,0,0,2,0,0,2,2,2,4,6,5,2,2,5,7,Segunda División - Spain,3060003
Girona,Deportivo La Coruña,2019-10-03,3,1,4,y,2,0,0,2,2,1,1,1,1,2,3,3,6,8,2,2,8,10,Segunda División - Spain,3060004
Mirandés,Lugo,2019-10-02,1,1,2,y,0,0,0,0,0,1,1,1,1,2,4,1,5,6,2,2,6,8,Segunda División - Spain,3060005
Numancia,Fuenlabrada,2019-10-01,1,0,1,n,1,0,0,1,1,0,0,0,0,0,6,5,11,2,6,6,2,8,Segunda División - Spain,3060006
Ponferradina,Las Palmas,2019-10-02,0,2,2,n,0,1,1,0,1,0,1,1,0,1,3,7,10,3,3,3,3,6,Segunda División - Spain,3060007
Rayo Vallecano,Alcorcón,2019-10-01,1,1,2,y,1,0,0,1,1,0,1,1,0,1,7,4,11,8,3,3,8,11,Segunda División - Spain,3060008
Tenerife,Real Oviedo,2019-10-02,0,1,1,n,0,1,1,0,1,0,0,0,0,0,4,4,8,6,1,1,6,7,Segunda División - Spain,3060009
Sporting Gijón,Almería,2019-10-03,4,2,6,y,4,1,1,4,5,0,1,1,0,1,1,4,5,4,3,3,4,7,Segunda División - Spain,3060010
Real Zaragoza,Málaga,2019-10-03,2,2,4,y,1,1,1,1,2,1,1,1,1,2,2,4,6,9,7,7,9,16,Segunda División - Spain,3060011
Alcorcón,Albacete,2019-10-04,0,1,1,n,0,0,0,0,0,0,1,1,0,1,2,4,6,4,3,3,4,7,Segunda División - Spain,3060012
Deportivo La Coruña,Almería,2019-10-06,0,0,0,n,0,0,0,0,0,0,0,0,0,0,3,2,5,12,0,0,12,12,Segunda División - Spain,3060013
Elche,Rayo Vallecano,2019-10-05,1,1,2,y,0,0,0,0,0,1,1,1,1,2,1,2,3,2,6,6,2,8,Segunda División - Spain,3060014
Fuenlabrada,Sporting Gijón,2019-10-06,2,0,2,n,0,0,0,0,0,2,0,0,2,2,3,7,10,1,2,2,1,3,Segunda División - Spain,3060015
Huesca,Málaga,2019-10-06,2,0,2,n,2,0,0,2,2,0,0,0,0,0,2,4,6,5,7,7,5,12,Segunda División - Spain,3060016
Lugo,Las Palmas,2019-10-05,0,2,2,n,0,0,0,0,0,0,2,2,0,2,2,5,7,2,6,6,2,8,Segunda División - Spain,3060017
Ponferradina,Mirandés,2019-10-05,2,0,2,n,1,0,0,1,1,1,0,0,1,1,2,3,5,1,5,5,1,6,Segunda División - Spain,3060018
Real Oviedo,Numancia,2019-10-06,1,1,2,y,1,0,0,1,1,0,1,1,0,1,2,3,5,6,6,6,6,12,Segunda División - Spain,3060019
Racing Santander,Girona,2019-10-06,0,3,3,n,0,1,1,0,1,0,2,2,0,2,2,5,7,2,3,3,2,5,Segunda División - Spain,3060020
Tenerife,Extremadura UD,2019-10-05,1,2,3,y,1,1,1,1,2,0,1,1,0,1,5,1,6,5,3,3,5,8,Segunda División - Spain,3060021
Real Zaragoza,Cádiz,2019-10-06,0,2,2,n,0,0,0,0,0,0,2,2,0,2,2,3,5,5,6,6,5,11,Segunda División - Spain,3060022
Albacete,Real Oviedo,2019-10-13,1,2,3,y,1,0,0,1,1,0,2,2,0,2,2,2,4,6,8,8,6,14,Segunda División - Spain,3060023
Almería,Lugo,2019-10-12,0,0,0,n,0,0,0,0,0,0,0,0,0,0,4,4,8,5,3,3,5,8,Segunda División - Spain,3060024
Extremadura UD,Ponferradina,2019-10-12,1,1,2,y,1,0,0,1,1,0,1,1,0,1,5,2,7,5,6,6,5,11,Segunda División - Spain,3060025
Girona,Elche,2019-10-12,0,2,2,n,0,1,1,0,1,0,1,1,0,1,4,2,6,7,3,3,7,10,Segunda División - Spain,3060026
Huesca,Racing Santander,2019-10-13,1,1,2,y,0,0,0,0,0,1,1,1,1,2,0,1,1,8,5,5,8,13,Segunda División - Spain,3060027
Las Palmas,Deportivo La Coruña,2019-10-13,3,0,3,n,2,0,0,2,2,1,0,0,1,1,4,3,7,5,8,8,5,13,Segunda División - Spain,3060028
Mirandés,Fuenlabrada,2019-10-13,2,1,3,y,1,0,0,1,1,1,1,1,1,2,2,2,4,3,7,7,3,10,Segunda División - Spain,3060029
Málaga,Cádiz,2019-10-12,1,2,3,y,0,1,1,0,1,1,1,1,1,2,2,2,4,4,0,0,4,4,Segunda División - Spain,3060030
Numancia,Real Zaragoza,2019-10-13,0,1,1,n,0,0,0,0,0,0,1,1,0,1,0,3,3,3,2,2,3,5,Segunda División - Spain,3060031
Rayo Vallecano,Tenerife,2019-10-11,2,1,3,y,1,1,1,1,2,1,0,0,1,1,3,3,6,8,6,6,8,14,Segunda División - Spain,3060032
Sporting Gijón,Alcorcón,2019-10-12,1,3,4,y,0,3,3,0,3,1,0,0,1,1,5,2,7,5,0,0,5,5,Segunda División - Spain,3060033
Alcorcón,Almería,2019-10-19,2,2,4,y,1,0,0,1,1,1,2,2,1,3,7,4,11,5,5,5,5,10,Segunda División - Spain,3060034
Cádiz,Las Palmas,2019-10-18,2,0,2,n,1,0,0,1,1,1,0,0,1,1,2,3,5,3,4,4,3,7,Segunda División - Spain,3060035
Deportivo La Coruña,Málaga,2019-10-20,0,2,2,n,0,1,1,0,1,0,1,1,0,1,1,1,2,7,6,6,7,13,Segunda División - Spain,3060036
Elche,Sporting Gijón,2019-10-19,0,1,1,n,0,1,1,0,1,0,0,0,0,0,3,5,8,5,7,7,5,12,Segunda División - Spain,3060037
Extremadura UD,Rayo Vallecano,2019-10-19,0,3,3,n,0,1,1,0,1,0,2,2,0,2,5,4,9,4,2,2,4,6,Segunda División - Spain,3060038
Fuenlabrada,Albacete,2019-10-20,0,1,1,n,0,0,0,0,0,0,1,1,0,1,2,4,6,4,4,4,4,8,Segunda División - Spain,3060039
Lugo,Huesca,2019-10-19,3,2,5,y,2,0,0,2,2,1,2,2,1,3,4,5,9,4,10,10,4,14,Segunda División - Spain,3060040
Ponferradina,Numancia,2019-10-19,1,1,2,y,1,0,0,1,1,0,1,1,0,1,1,4,5,5,7,7,5,12,Segunda División - Spain,3060041
Real Oviedo,Girona,2019-10-20,4,2,6,y,2,1,1,2,3,2,1,1,2,3,2,4,6,5,6,6,5,11,Segunda División - Spain,3060042
Tenerife,Racing Santander,2019-10-20,3,3,6,y,2,1,1,2,3,1,2,2,1,3,1,5,6,2,4,4,2,6,Segunda División - Spain,3060043
Real Zaragoza,Mirandés,2019-10-20,1,2,3,y,0,1,1,0,1,1,1,1,1,2,2,1,3,9,2,2,9,11,Segunda División - Spain,3060044
Albacete,Cádiz,2019-10-25,1,0,1,n,0,0,0,0,0,1,0,0,1,1,2,2,4,6,2,2,6,8,Segunda División - Spain,3060045
Almería,Extremadura UD,2019-10-27,3,2,5,y,0,0,0,0,0,3,2,2,3,5,2,0,2,4,3,3,4,7,Segunda División - Spain,3060046
Girona,Alcorcón,2019-10-27,0,0,0,n,0,0,0,0,0,0,0,0,0,0,4,5,9,2,0,0,2,2,Segunda División - Spain,3060047
Huesca,Elche,2019-10-27,2,0,2,n,1,0,0,1,1,1,0,0,1,1,3,4,7,4,7,7,4,11,Segunda División - Spain,3060048
Las Palmas,Fuenlabrada,2019-10-27,1,3,4,y,0,2,2,0,2,1,1,1,1,2,4,6,10,9,2,2,9,11,Segunda División - Spain,3060049
Mirandés,Tenerife,2019-10-26,0,0,0,n,0,0,0,0,0,0,0,0,0,0,3,1,4,2,7,7,2,9,Segunda División - Spain,3060050
Málaga,Real Oviedo,2019-10-26,2,1,3,y,0,0,0,0,0,2,1,1,2,3,7,5,12,7,1,1,7,8,Segunda División - Spain,3060051
Numancia,Lugo,2019-10-26,3,1,4,y,1,1,1,1,2,2,0,0,2,2,2,3,5,7,6,6,7,13,Segunda División - Spain,3060052
Racing Santander,Deportivo La Coruña,2019-10-26,1,1,2,y,1,0,0,1,1,0,1,1,0,1,2,3,5,2,4,4,2,6,Segunda División - Spain,3060053
Rayo Vallecano,Ponferradina,2019-10-26,1,3,4,y,0,1,1,0,1,1,2,2,1,3,3,2,5,13,5,5,13,18,Segunda División - Spain,3060054
Sporting Gijón,Real Zaragoza,2019-10-27,4,0,4,n,2,0,0,2,2,2,0,0,2,2,0,2,2,1,5,5,1,6,Segunda División - Spain,3060055
Alcorcón,Racing Santander,2019-11-02,1,0,1,n,1,0,0,1,1,0,0,0,0,0,5,4,9,5,5,5,5,10,Segunda División - Spain,3060056
Cádiz,Sporting Gijón,2019-11-01,3,1,4,y,1,0,0,1,1,2,1,1,2,3,3,4,7,6,6,6,6,12,Segunda División - Spain,3060057
Elche,Mirandés,2019-11-03,4,2,6,y,2,1,1,2,3,2,1,1,2,3,2,4,6,5,7,7,5,12,Segunda División - Spain,3060058
Extremadura UD,Girona,2019-11-03,1,3,4,y,0,2,2,0,2,1,1,1,1,2,3,3,6,7,2,2,7,9,Segunda División - Spain,3060059
Fuenlabrada,Deportivo La Coruña,2019-11-02,1,1,2,y,1,0,0,1,1,0,1,1,0,1,1,3,4,3,2,2,3,5,Segunda División - Spain,3060060
Lugo,Rayo Vallecano,2019-11-03,1,0,1,n,0,0,0,0,0,1,0,0,1,1,0,1,1,4,8,8,4,12,Segunda División - Spain,3060061
Numancia,Albacete,2019-11-01,1,0,1,n,0,0,0,0,0,1,0,0,1,1,2,5,7,8,2,2,8,10,Segunda División - Spain,3060062
Ponferradina,Málaga,2019-11-01,1,0,1,n,0,0,0,0,0,1,0,0,1,1,1,2,3,1,3,3,1,4,Segunda División - Spain,3060063
Real Oviedo,Almería,2019-11-01,0,0,0,n,0,0,0,0,0,0,0,0,0,0,1,3,4,5,3,3,5,8,Segunda División - Spain,3060064
Tenerife,Huesca,2019-11-02,0,0,0,n,0,0,0,0,0,0,0,0,0,0,4,2,6,2,1,1,2,3,Segunda División - Spain,3060065
Real Zaragoza,Las Palmas,2019-11-03,3,0,3,n,2,0,0,2,2,1,0,0,1,1,2,5,7,4,6,6,4,10,Segunda División - Spain,3060066
Albacete,Lugo,2019-11-09,0,1,1,n,0,0,0,0,0,0,1,1,0,1,2,2,4,8,1,1,8,9,Segunda División - Spain,3060067
Almería,Real Zaragoza,2019-11-10,1,1,2,y,1,0,0,1,1,0,1,1,0,1,4,3,7,6,3,3,6,9,Segunda División - Spain,3060068
Deportivo La Coruña,Elche,2019-11-10,1,3,4,y,1,1,1,1,2,0,2,2,0,2,4,4,8,6,3,3,6,9,Segunda División - Spain,3060069
Girona,Tenerife,2019-11-08,1,0,1,n,0,0,0,0,0,1,0,0,1,1,2,7,9,2,7,7,2,9,Segunda División - Spain,3060070
Huesca,Real Oviedo,2019-11-09,3,1,4,y,2,1,1,2,3,1,0,0,1,1,2,3,5,7,4,4,7,11,Segunda División - Spain,3060071
Las Palmas,Alcorcón,2019-11-09,1,1,2,y,1,1,1,1,2,0,0,0,0,0,2,1,3,4,2,2,4,6,Segunda División - Spain,3060072
Mirandés,Extremadura UD,2019-11-09,2,0,2,n,1,0,0,1,1,1,0,0,1,1,3,2,5,6,6,6,6,12,Segunda División - Spain,3060073
Málaga,Fuenlabrada,2019-11-10,0,0,0,n,0,0,0,0,0,0,0,0,0,0,3,3,6,10,2,2,10,12,Segunda División - Spain,3060074
Racing Santander,Ponferradina,2019-11-10,2,2,4,y,0,0,0,0,0,2,2,2,2,4,5,3,8,2,4,4,2,6,Segunda División - Spain,3060075
Rayo Vallecano,Cádiz,2019-11-10,1,1,2,y,0,1,1,0,1,1,0,0,1,1,5,3,8,4,7,7,4,11,Segunda División - Spain,3060076
Sporting Gijón,Numancia,2019-11-09,0,1,1,n,0,1,1,0,1,0,0,0,0,0,2,3,5,9,2,2,9,11,Segunda División - Spain,3060077
Alcorcón,Málaga,2019-11-17,1,0,1,n,1,0,0,1,1,0,0,0,0,0,3,1,4,4,5,5,4,9,Segunda División - Spain,3060078
Elche,Almería,2019-11-16,1,1,2,y,0,0,0,0,0,1,1,1,1,2,2,2,4,4,8,8,4,12,Segunda División - Spain,3060079
Extremadura UD,Deportivo La Coruña,2019-11-16,2,0,2,n,2,0,0,2,2,0,0,0,0,0,3,2,5,5,3,3,5,8,Segunda División - Spain,3060080
Fuenlabrada,Huesca,2019-11-16,3,2,5,y,1,0,0,1,1,2,2,2,2,4,3,2,5,3,7,7,3,10,Segunda División - Spain,3060081
Lugo,Racing Santander,2019-11-17,1,1,2,y,0,1,1,0,1,1,0,0,1,1,2,3,5,4,3,3,4,7,Segunda División - Spain,3060082
Mirandés,Las Palmas,2019-11-17,2,1,3,y,2,1,1,2,3,0,0,0,0,0,2,6,8,5,1,1,5,6,Segunda División - Spain,3060083
Numancia,Rayo Vallecano,2019-11-16,2,2,4,y,1,1,1,1,2,1,1,1,1,2,1,3,4,4,6,6,4,10,Segunda División - Spain,3060084
Ponferradina,Girona,2019-11-17,1,1,2,y,0,0,0,0,0,1,1,1,1,2,2,0,2,8,1,1,8,9,Segunda División - Spain,3060085
Real Oviedo,Sporting Gijón,2019-11-17,0,0,0,n,0,0,0,0,0,0,0,0,0,0,3,4,7,1,6,6,1,7,Segunda División - Spain,3060086
Tenerife,Cádiz,2019-11-17,1,1,2,y,1,1,1,1,2,0,0,0,0,0,1,3,4,5,4,4,5,9,Segunda División - Spain,3060087
Real Zaragoza,Albacete,2019-11-16,0,1,1,n,0,0,0,0,0,0,1,1,0,1,1,3,4,7,2,2,7,9,Segunda División - Spain,3060088
Albacete,Mirandés,2019-11-24,1,2,3,y,1,2,2,1,3,0,0,0,0,0,4,2,6,12,2,2,12,14,Segunda División - Spain,3060089
Almería,Numancia,2019-11-24,2,0,2,n,2,0,0,2,2,0,0,0,0,0,4,4,8,2,10,10,2,12,Segunda División - Spain,3060090
Cádiz,Lugo,2019-11-24,2,1,3,y,1,1,1,1,2,1,0,0,1,1,1,2,3,8,2,2,8,10,Segunda División - Spain,3060091
Deportivo La Coruña,Alcorcón,2019-11-23,0,0,0,n,0,0,0,0,0,0,0,0,0,0,3,1,4,5,0,0,5,5,Segunda División - Spain,3060092
Girona,Fuenlabrada,2019-11-24,2,0,2,n,0,0,0,0,0,2,0,0,2,2,2,2,4,2,3,3,2,5,Segunda División - Spain,3060093
Huesca,Ponferradina,2019-11-23,2,0,2,n,1,0,0,1,1,1,0,0,1,1,3,3,6,3,2,2,3,5,Segunda División - Spain,3060094
Las Palmas,Real Oviedo,2019-11-24,3,1,4,y,2,0,0,2,2,1,1,1,1,2,2,3,5,10,4,4,10,14,Segunda División - Spain,3060095
Málaga,Elche,2019-11-24,3,3,6,y,1,2,2,1,3,2,1,1,2,3,4,6,10,7,5,5,7,12,Segunda División - Spain,3060096
Racing Santander,Extremadura UD,2019-11-23,3,0,3,n,1,0,0,1,1,2,0,0,2,2,2,2,4,2,13,13,2,15,Segunda División - Spain,3060097
Rayo Vallecano,Real Zaragoza,2019-11-23,0,1,1,n,0,0,0,0,0,0,1,1,0,1,2,4,6,8,2,2,8,10,Segunda División - Spain,3060098
Sporting Gijón,Tenerife,2019-11-22,0,2,2,n,0,0,0,0,0,0,2,2,0,2,9,3,12,4,2,2,4,6,Segunda División - Spain,3060099
Alcorcón,Huesca,2019-11-30,0,2,2,n,0,0,0,0,0,0,2,2,0,2,3,1,4,1,7,7,1,8,Segunda División - Spain,3060100
Elche,Racing Santander,2019-12-01,2,0,2,n,1,0,0,1,1,1,0,0,1,1,2,4,6,5,5,5,5,10,Segunda División - Spain,3060101
Extremadura UD,Las Palmas,2019-12-01,0,1,1,n,0,1,1,0,1,0,0,0,0,0,3,7,10,3,5,5,3,8,Segunda División - Spain,3060102
Fuenlabrada,Cádiz,2019-12-01,1,0,1,n,0,0,0,0,0,1,0,0,1,1,5,5,10,3,1,1,3,4,Segunda División - Spain,3060103
Lugo,Deportivo La Coruña,2019-12-01,0,0,0,n,0,0,0,0,0,0,0,0,0,0,2,3,5,7,5,5,7,12,Segunda División - Spain,3060104
Mirandés,Sporting Gijón,2019-11-30,0,0,0,n,0,0,0,0,0,0,0,0,0,0,2,1,3,7,3,3,7,10,Segunda División - Spain,3060105
Numancia,Málaga,2019-11-29,0,0,0,n,0,0,0,0,0,0,0,0,0,0,3,0,3,4,8,8,4,12,Segunda División - Spain,3060106
Ponferradina,Albacete,2019-11-30,1,1,2,y,0,1,1,0,1,1,0,0,1,1,1,3,4,2,6,6,2,8,Segunda División - Spain,3060107
Real Oviedo,Rayo Vallecano,2019-12-01,2,1,3,y,1,1,1,1,2,1,0,0,1,1,2,4,6,1,3,3,1,4,Segunda División - Spain,3060108
Tenerife,Almería,2019-11-30,1,3,4,y,1,2,2,1,3,0,1,1,0,1,5,1,6,6,3,3,6,9,Segunda División - Spain,3060109
Real Zaragoza,Girona,2019-11-30,3,3,6,y,1,2,2,1,3,2,1,1,2,3,2,3,5,4,3,3,4,7,Segunda División - Spain,3060110
Albacete,Extremadura UD,2019-12-06,1,1,2,y,0,0,0,0,0,1,1,1,1,2,3,4,7,10,4,4,10,14,Segunda División - Spain,3060111
Alcorcón,Real Oviedo,2019-12-06,1,3,4,y,1,2,2,1,3,0,1,1,0,1,2,2,4,6,0,0,6,6,Segunda División - Spain,3060112
Almería,Mirandés,2019-12-07,3,1,4,y,0,1,1,0,1,3,0,0,3,3,5,4,9,5,6,6,5,11,Segunda División - Spain,3060113
Cádiz,Elche,2019-12-08,0,0,0,n,0,0,0,0,0,0,0,0,0,0,2,2,4,8,1,1,8,9,Segunda División - Spain,3060114
Deportivo La Coruña,Real Zaragoza,2019-12-08,1,3,4,y,0,2,2,0,2,1,1,1,1,2,1,2,3,3,9,9,3,12,Segunda División - Spain,3060115
Girona,Lugo,2019-12-08,3,1,4,y,1,0,0,1,1,2,1,1,2,3,2,4,6,11,4,4,11,15,Segunda División - Spain,3060116
Huesca,Rayo Vallecano,2019-12-07,0,2,2,n,0,1,1,0,1,0,1,1,0,1,4,3,7,5,1,1,5,6,Segunda División - Spain,3060117
Las Palmas,Numancia,2019-12-08,3,1,4,y,2,0,0,2,2,1,1,1,1,2,4,4,8,3,7,7,3,10,Segunda División - Spain,3060118
Málaga,Tenerife,2019-12-06,2,0,2,n,1,0,0,1,1,1,0,0,1,1,1,3,4,2,4,4,2,6,Segunda División - Spain,3060119
Racing Santander,Fuenlabrada,2019-12-06,2,2,4,y,1,0,0,1,1,1,2,2,1,3,5,3,8,4,8,8,4,12,Segunda División - Spain,3060120
Sporting Gijón,Ponferradina,2019-12-07,1,0,1,n,0,0,0,0,0,1,0,0,1,1,2,4,6,5,4,4,5,9,Segunda División - Spain,3060121
Elche,Las Palmas,2019-12-15,2,3,5,y,2,0,0,2,2,0,3,3,0,3,3,1,4,3,4,4,3,7,Segunda División - Spain,3060122
Extremadura UD,Málaga,2019-12-15,0,0,0,n,0,0,0,0,0,0,0,0,0,0,2,2,4,7,5,5,7,12,Segunda División - Spain,3060123
Fuenlabrada,Almería,2019-12-15,2,2,4,y,0,0,0,0,0,2,2,2,2,4,1,5,6,4,1,1,4,5,Segunda División - Spain,3060124
Lugo,Sporting Gijón,2019-12-15,1,2,3,y,0,1,1,0,1,1,1,1,1,2,3,3,6,3,3,3,3,6,Segunda División - Spain,3060125
Mirandés,Huesca,2019-12-14,2,0,2,n,0,0,0,0,0,2,0,0,2,2,3,4,7,5,7,7,5,12,Segunda División - Spain,3060126
Numancia,Girona,2019-12-13,2,0,2,n,1,0,0,1,1,1,0,0,1,1,6,1,7,3,3,3,3,6,Segunda División - Spain,3060127
Ponferradina,Deportivo La Coruña,2019-12-14,2,0,2,n,2,0,0,2,2,0,0,0,0,0,2,3,5,4,2,2,4,6,Segunda División - Spain,3060128
Real Oviedo,Cádiz,2019-12-15,0,2,2,n,0,1,1,0,1,0,1,1,0,1,3,1,4,4,9,9,4,13,Segunda División - Spain,3060129
Tenerife,Alcorcón,2019-12-14,0,0,0,n,0,0,0,0,0,0,0,0,0,0,4,4,8,6,1,1,6,7,Segunda División - Spain,3060131
Real Zaragoza,Racing Santander,2019-12-14,2,0,2,n,1,0,0,1,1,1,0,0,1,1,2,4,6,4,0,0,4,4,Segunda División - Spain,3060132
Albacete,Elche,2019-12-21,0,1,1,n,0,0,0,0,0,0,1,1,0,1,3,3,6,10,7,7,10,17,Segunda División - Spain,3060133
Alcorcón,Fuenlabrada,2019-12-22,1,1,2,y,1,0,0,1,1,0,1,1,0,1,5,3,8,6,6,6,6,12,Segunda División - Spain,3060134
Almería,Ponferradina,2019-12-22,2,3,5,y,1,0,0,1,1,1,3,3,1,4,4,1,5,7,2,2,7,9,Segunda División - Spain,3060135
Deportivo La Coruña,Tenerife,2019-12-20,2,1,3,y,1,0,0,1,1,1,1,1,1,2,4,1,5,2,3,3,2,5,Segunda División - Spain,3060137
Huesca,Real Zaragoza,2019-12-22,2,1,3,y,1,1,1,1,2,1,0,0,1,1,3,6,9,5,5,5,5,10,Segunda División - Spain,3060139
Sporting Gijón,Extremadura UD,2019-12-21,0,1,1,n,0,0,0,0,0,0,1,1,0,1,2,1,3,4,2,2,4,6,Segunda División - Spain,3060143
Cádiz,Numancia,2019-12-21,2,4,6,y,1,1,1,1,2,1,3,3,1,4,6,1,7,10,3,3,10,13,Segunda División - Spain,3060136
Las Palmas,Rayo Vallecano,2019-12-21,1,1,2,y,1,1,1,1,2,0,0,0,0,0,3,3,6,3,4,4,3,7,Segunda División - Spain,3060140
Málaga,Lugo,2019-12-21,1,1,2,y,1,0,0,1,1,0,1,1,0,1,5,4,9,5,3,3,5,8,Segunda División - Spain,3060141
Racing Santander,Real Oviedo,2019-12-21,1,1,2,y,1,1,1,1,2,0,0,0,0,0,2,6,8,9,2,2,9,11,Segunda División - Spain,3060142
Girona,Mirandés,2019-12-22,0,3,3,n,0,1,1,0,1,0,2,2,0,2,1,2,3,7,4,4,7,11,Segunda División - Spain,3060138
Fuenlabrada,Las Palmas,2020-01-04,0,0,0,n,0,0,0,0,0,0,0,0,0,0,3,5,8,4,4,4,4,8,Segunda División - Spain,3060146
Mirandés,Racing Santander,2020-01-04,0,0,0,n,0,0,0,0,0,0,0,0,0,0,2,1,3,3,11,11,3,14,Segunda División - Spain,3060148
Ponferradina,Cádiz,2020-01-04,0,0,0,n,0,0,0,0,0,0,0,0,0,0,0,4,4,3,5,5,3,8,Segunda División - Spain,3060150
Tenerife,Albacete,2020-01-04,4,2,6,y,2,0,0,2,2,2,2,2,2,4,1,2,3,7,2,2,7,9,Segunda División - Spain,3060153
Extremadura UD,Alcorcón,2020-01-03,0,0,0,n,0,0,0,0,0,0,0,0,0,0,3,1,4,7,5,5,7,12,Segunda División - Spain,3060145
Elche,Huesca,2020-01-04,1,1,2,y,0,0,0,0,0,1,1,1,1,2,3,3,6,6,4,4,6,10,Segunda División - Spain,3060144
Lugo,Almería,2020-01-04,0,4,4,n,0,2,2,0,2,0,2,2,0,2,2,1,3,7,7,7,7,14,Segunda División - Spain,3060147
Numancia,Deportivo La Coruña,2020-01-05,0,1,1,n,0,0,0,0,0,0,1,1,0,1,4,2,6,4,7,7,4,11,Segunda División - Spain,3060149
Real Oviedo,Málaga,2020-01-05,1,1,2,y,1,0,0,1,1,0,1,1,0,1,4,3,7,2,4,4,2,6,Segunda División - Spain,3060151
Rayo Vallecano,Girona,2020-01-05,1,0,1,n,1,0,0,1,1,0,0,0,0,0,3,3,6,3,4,4,3,7,Segunda División - Spain,3060152
Real Zaragoza,Sporting Gijón,2020-01-07,2,0,2,n,1,0,0,1,1,1,0,0,1,1,2,3,5,2,4,4,2,6,Segunda División - Spain,3060154
Albacete,Fuenlabrada,2020-01-14,1,1,2,y,1,0,0,1,1,0,1,1,0,1,5,3,8,2,5,5,2,7,Segunda División - Spain,3060155
Cádiz,Mirandés,2020-01-15,3,3,6,y,1,1,1,1,2,2,2,2,2,4,0,1,1,6,2,2,6,8,Segunda División - Spain,3060158
Huesca,Tenerife,2020-01-15,2,1,3,y,2,1,1,2,3,0,0,0,0,0,1,3,4,1,5,5,1,6,Segunda División - Spain,3060161
Las Palmas,Real Zaragoza,2020-01-14,0,1,1,n,0,0,0,0,0,0,1,1,0,1,3,0,3,4,6,6,4,10,Segunda División - Spain,3060162
Málaga,Ponferradina,2020-01-14,1,0,1,n,1,0,0,1,1,0,0,0,0,0,4,3,7,2,2,2,2,4,Segunda División - Spain,3060163
Rayo Vallecano,Lugo,2020-01-15,1,0,1,n,1,0,0,1,1,0,0,0,0,0,4,3,7,5,1,1,5,6,Segunda División - Spain,3060164
Sporting Gijón,Elche,2020-01-14,1,0,1,n,0,0,0,0,0,1,0,0,1,1,2,2,4,5,7,7,5,12,Segunda División - Spain,3060165
Alcorcón,Numancia,2020-01-15,2,2,4,y,0,0,0,0,0,2,2,2,2,4,3,2,5,4,6,6,4,10,Segunda División - Spain,3060156
Almería,Real Oviedo,2020-01-16,2,0,2,n,0,0,0,0,0,2,0,0,2,2,3,0,3,5,1,1,5,6,Segunda División - Spain,3060157
Fuenlabrada,Málaga,2020-01-17,0,0,0,n,0,0,0,0,0,0,0,0,0,0,2,4,6,5,0,0,5,5,Segunda División - Spain,3060169
Numancia,Sporting Gijón,2020-01-18,2,0,2,n,1,0,0,1,1,1,0,0,1,1,1,3,4,2,5,5,2,7,Segunda División - Spain,3060172
Racing Santander,Las Palmas,2020-01-19,1,1,2,y,0,0,0,0,0,1,1,1,1,2,3,0,3,2,9,9,2,11,Segunda División - Spain,3060175
Tenerife,Girona,2020-01-19,1,0,1,n,1,0,0,1,1,0,0,0,0,0,4,1,5,2,2,2,2,4,Segunda División - Spain,3060176
Deportivo La Coruña,Racing Santander,2020-01-16,2,1,3,y,1,1,1,1,2,1,0,0,1,1,6,1,7,5,7,7,5,12,Segunda División - Spain,3060159
Elche,Alcorcón,2020-01-19,1,1,2,y,1,0,0,1,1,0,1,1,0,1,2,4,6,8,2,2,8,10,Segunda División - Spain,3060167
Extremadura UD,Almería,2020-01-19,1,2,3,y,1,1,1,1,2,0,1,1,0,1,2,4,6,9,5,5,9,14,Segunda División - Spain,3060168
Lugo,Albacete,2020-01-18,1,0,1,n,0,0,0,0,0,1,0,0,1,1,4,4,8,3,11,11,3,14,Segunda División - Spain,3060170
Ponferradina,Rayo Vallecano,2020-01-18,1,1,2,y,0,0,0,0,0,1,1,1,1,2,4,4,8,4,2,2,4,6,Segunda División - Spain,3060173
Girona,Extremadura UD,2020-01-16,3,1,4,y,2,0,0,2,2,1,1,1,1,2,4,3,7,6,2,2,6,8,Segunda División - Spain,3060160
Deportivo La Coruña,Cádiz,2020-01-19,1,0,1,n,0,0,0,0,0,1,0,0,1,1,2,3,5,0,4,4,0,4,Segunda División - Spain,3060166
Real Oviedo,Huesca,2020-01-19,1,1,2,y,0,0,0,0,0,1,1,1,1,2,3,3,6,5,4,4,5,9,Segunda División - Spain,3060174
Albacete,Deportivo La Coruña,2020-01-26,0,1,1,n,0,1,1,0,1,0,0,0,0,0,3,4,7,11,2,2,11,13,Segunda División - Spain,3060177
Alcorcón,Ponferradina,2020-01-26,3,1,4,y,2,0,0,2,2,1,1,1,1,2,2,3,5,5,4,4,5,9,Segunda División - Spain,3060178
Cádiz,Racing Santander,2020-01-24,1,0,1,n,0,0,0,0,0,1,0,0,1,1,4,4,8,7,1,1,7,8,Segunda División - Spain,3060180
Huesca,Lugo,2020-01-25,2,1,3,y,0,1,1,0,1,2,0,0,2,2,2,2,4,12,0,0,12,12,Segunda División - Spain,3060182
Las Palmas,Tenerife,2020-01-25,0,0,0,n,0,0,0,0,0,0,0,0,0,0,3,5,8,7,2,2,7,9,Segunda División - Spain,3060183
Rayo Vallecano,Extremadura UD,2020-01-26,1,1,2,y,0,0,0,0,0,1,1,1,1,2,3,4,7,7,3,3,7,10,Segunda División - Spain,3060185
Sporting Gijón,Fuenlabrada,2020-01-25,1,0,1,n,1,0,0,1,1,0,0,0,0,0,4,2,6,3,8,8,3,11,Segunda División - Spain,3060186
Real Zaragoza,Numancia,2020-01-25,1,0,1,n,0,0,0,0,0,1,0,0,1,1,4,1,5,4,2,2,4,6,Segunda División - Spain,3060187
Almería,Elche,2020-01-26,0,2,2,n,0,0,0,0,0,0,2,2,0,2,4,5,9,6,2,2,6,8,Segunda División - Spain,3060179
Girona,Real Oviedo,2020-01-26,1,1,2,y,0,0,0,0,0,1,1,1,1,2,1,4,5,5,3,3,5,8,Segunda División - Spain,3060181
Málaga,Mirandés,2020-01-26,2,2,4,y,1,0,0,1,1,1,2,2,1,3,2,2,4,7,4,4,7,11,Segunda División - Spain,3060184
Numancia,Almería,2020-02-02,1,1,2,y,0,0,0,0,0,1,1,1,1,2,3,4,7,4,8,8,4,12,Segunda División - Spain,3060194
Real Oviedo,Albacete,2020-02-02,3,1,4,y,1,1,1,1,2,2,0,0,2,2,5,3,8,9,5,5,9,14,Segunda División - Spain,3060196
Tenerife,Sporting Gijón,2020-01-31,2,1,3,y,2,0,0,2,2,0,1,1,0,1,0,1,1,2,7,7,2,9,Segunda División - Spain,3060198
Elche,Málaga,2020-02-01,2,0,2,n,1,0,0,1,1,1,0,0,1,1,2,2,4,8,3,3,8,11,Segunda División - Spain,3060190
Extremadura UD,Lugo,2020-02-01,1,0,1,n,1,0,0,1,1,0,0,0,0,0,1,2,3,4,5,5,4,9,Segunda División - Spain,3060191
Ponferradina,Huesca,2020-02-01,3,1,4,y,2,0,0,2,2,1,1,1,1,2,2,5,7,5,3,3,5,8,Segunda División - Spain,3060195
Deportivo La Coruña,Las Palmas,2020-02-01,2,1,3,y,1,0,0,1,1,1,1,1,1,2,0,4,4,2,7,7,2,9,Segunda División - Spain,3060189
Cádiz,Real Zaragoza,2020-02-02,1,1,2,y,0,0,0,0,0,1,1,1,1,2,3,2,5,7,2,2,7,9,Segunda División - Spain,3060188
Fuenlabrada,Girona,2020-02-02,0,1,1,n,0,1,1,0,1,0,0,0,0,0,4,5,9,6,3,3,6,9,Segunda División - Spain,3060192
Mirandés,Rayo Vallecano,2020-02-02,0,0,0,n,0,0,0,0,0,0,0,0,0,0,1,1,2,2,9,9,2,11,Segunda División - Spain,3060193
Racing Santander,Alcorcón,2020-02-02,1,1,2,y,0,1,1,0,1,1,0,0,1,1,1,3,4,5,0,0,5,5,Segunda División - Spain,3060197
Extremadura UD,Tenerife,2020-02-08,2,4,6,y,0,2,2,0,2,2,2,2,2,4,4,1,5,5,1,1,5,6,Segunda División - Spain,3060202
Girona,Huesca,2020-02-08,1,0,1,n,0,0,0,0,0,1,0,0,1,1,4,4,8,6,3,3,6,9,Segunda División - Spain,3060203
Las Palmas,Cádiz,2020-02-08,1,2,3,y,0,1,1,0,1,1,1,1,1,2,2,1,3,16,1,1,16,17,Segunda División - Spain,3060204
Lugo,Elche,2020-02-09,2,2,4,y,1,0,0,1,1,1,2,2,1,3,4,3,7,1,5,5,1,6,Segunda División - Spain,3060205
Rayo Vallecano,Real Oviedo,2020-02-09,1,1,2,y,0,1,1,0,1,1,0,0,1,1,4,3,7,6,3,3,6,9,Segunda División - Spain,3060207
Sporting Gijón,Mirandés,2020-02-09,2,2,4,y,1,1,1,1,2,1,1,1,1,2,1,2,3,7,2,2,7,9,Segunda División - Spain,3060208
Real Zaragoza,Fuenlabrada,2020-02-08,0,0,0,n,0,0,0,0,0,0,0,0,0,0,3,3,6,6,3,3,6,9,Segunda División - Spain,3060209
Albacete,Ponferradina,2020-02-09,1,1,2,y,0,1,1,0,1,1,0,0,1,1,5,1,6,4,6,6,4,10,Segunda División - Spain,3060199
Alcorcón,Deportivo La Coruña,2020-02-09,0,1,1,n,0,0,0,0,0,0,1,1,0,1,1,4,5,7,1,1,7,8,Segunda División - Spain,3060200
Almería,Racing Santander,2020-02-07,0,1,1,n,0,1,1,0,1,0,0,0,0,0,2,3,5,6,2,2,6,8,Segunda División - Spain,3060201
Málaga,Numancia,2020-02-09,2,1,3,y,0,1,1,0,1,2,0,0,2,2,3,4,7,7,2,2,7,9,Segunda División - Spain,3060206
Cádiz,Málaga,2020-02-16,0,1,1,n,0,0,0,0,0,0,1,1,0,1,4,4,8,9,3,3,9,12,Segunda División - Spain,3060210
Deportivo La Coruña,Girona,2020-02-14,2,2,4,y,1,0,0,1,1,1,2,2,1,3,5,2,7,1,8,8,1,9,Segunda División - Spain,3060211
Elche,Real Zaragoza,2020-02-15,1,2,3,y,1,2,2,1,3,0,0,0,0,0,3,2,5,1,2,2,1,3,Segunda División - Spain,3060212
Fuenlabrada,Lugo,2020-02-16,0,1,1,n,0,0,0,0,0,0,1,1,0,1,4,4,8,5,1,1,5,6,Segunda División - Spain,3060213
Huesca,Almería,2020-02-15,3,2,5,y,2,0,0,2,2,1,2,2,1,3,0,3,3,6,3,3,6,9,Segunda División - Spain,3060214
Mirandés,Albacete,2020-02-16,1,1,2,y,1,1,1,1,2,0,0,0,0,0,5,7,12,2,4,4,2,6,Segunda División - Spain,3060215
Numancia,Las Palmas,2020-02-15,1,1,2,y,0,0,0,0,0,1,1,1,1,2,1,2,3,9,3,3,9,12,Segunda División - Spain,3060216
Ponferradina,Extremadura UD,2020-02-16,0,0,0,n,0,0,0,0,0,0,0,0,0,0,2,6,8,6,1,1,6,7,Segunda División - Spain,3060217
Real Oviedo,Alcorcón,2020-02-15,1,2,3,y,0,2,2,0,2,1,0,0,1,1,3,5,8,8,3,3,8,11,Segunda División - Spain,3060218
Racing Santander,Sporting Gijón,2020-02-16,0,2,2,n,0,1,1,0,1,0,1,1,0,1,1,3,4,2,6,6,2,8,Segunda División - Spain,3060219
Tenerife,Rayo Vallecano,2020-02-16,0,0,0,n,0,0,0,0,0,0,0,0,0,0,1,4,5,4,5,5,4,9,Segunda División - Spain,3060220
Mirandés,Real Zaragoza,2020-02-19,1,1,2,y,0,1,1,0,1,1,0,0,1,1,5,3,8,2,5,5,2,7,Segunda División - Spain,3060171
Albacete,Numancia,2020-02-22,2,1,3,y,0,1,1,0,1,2,0,0,2,2,3,3,6,9,1,1,9,10,Segunda División - Spain,3060221
Alcorcón,Las Palmas,2020-02-22,1,1,2,y,1,1,1,1,2,0,0,0,0,0,3,4,7,4,4,4,4,8,Segunda División - Spain,3060222
Almería,Fuenlabrada,2020-02-22,0,0,0,n,0,0,0,0,0,0,0,0,0,0,1,1,2,2,4,4,2,6,Segunda División - Spain,3060223
Extremadura UD,Mirandés,2020-02-23,3,2,5,y,0,0,0,0,0,3,2,2,3,5,3,3,6,7,7,7,7,14,Segunda División - Spain,3060224
Lugo,Real Oviedo,2020-02-23,1,0,1,n,1,0,0,1,1,0,0,0,0,0,3,3,6,3,7,7,3,10,Segunda División - Spain,3060226
Rayo Vallecano,Huesca,2020-02-23,2,0,2,n,0,0,0,0,0,2,0,0,2,2,3,4,7,8,5,5,8,13,Segunda División - Spain,3060228
Real Zaragoza,Deportivo La Coruña,2020-02-23,3,1,4,y,2,1,1,2,3,1,0,0,1,1,2,5,7,8,7,7,8,15,Segunda División - Spain,3060231
Girona,Ponferradina,2020-02-22,2,0,2,n,2,0,0,2,2,0,0,0,0,0,3,2,5,4,3,3,4,7,Segunda División - Spain,3060225
Málaga,Racing Santander,2020-02-23,2,0,2,n,2,0,0,2,2,0,0,0,0,0,1,1,2,8,4,4,8,12,Segunda División - Spain,3060227
Tenerife,Elche,2020-02-22,1,0,1,n,1,0,0,1,1,0,0,0,0,0,2,5,7,2,4,4,2,6,Segunda División - Spain,3060229
Sporting Gijón,Cádiz,2020-02-21,1,0,1,n,0,0,0,0,0,1,0,0,1,1,2,6,8,4,10,10,4,14,Segunda División - Spain,3060230
Cádiz,Almería,2020-02-29,2,1,3,y,1,1,1,1,2,1,0,0,1,1,2,2,4,2,3,3,2,5,Segunda División - Spain,3060233
Huesca,Extremadura UD,2020-02-29,2,2,4,y,1,1,1,1,2,1,1,1,1,2,3,3,6,6,3,3,6,9,Segunda División - Spain,3060237
Las Palmas,Málaga,2020-02-28,1,1,2,y,0,0,0,0,0,1,1,1,1,2,4,3,7,3,3,3,3,6,Segunda División - Spain,3060238
Ponferradina,Sporting Gijón,2020-02-29,1,0,1,n,1,0,0,1,1,0,0,0,0,0,2,2,4,6,3,3,6,9,Segunda División - Spain,3060240
Albacete,Rayo Vallecano,2020-02-29,1,1,2,y,1,1,1,1,2,0,0,0,0,0,3,2,5,4,4,4,4,8,Segunda División - Spain,3060232
Deportivo La Coruña,Lugo,2020-03-01,0,0,0,n,0,0,0,0,0,0,0,0,0,0,0,1,1,4,5,5,4,9,Segunda División - Spain,3060234
Elche,Numancia,2020-03-01,2,0,2,n,1,0,0,1,1,1,0,0,1,1,2,2,4,11,3,3,11,14,Segunda División - Spain,3060235
Fuenlabrada,Alcorcón,2020-03-01,3,4,7,y,1,3,3,1,4,2,1,1,2,3,6,2,8,6,5,5,6,11,Segunda División - Spain,3060236
Mirandés,Girona,2020-03-01,1,1,2,y,0,0,0,0,0,1,1,1,1,2,2,2,4,4,5,5,4,9,Segunda División - Spain,3060239
Real Oviedo,Tenerife,2020-03-01,1,0,1,n,0,0,0,0,0,1,0,0,1,1,3,6,9,2,2,2,2,4,Segunda División - Spain,3060241
Racing Santander,Real Zaragoza,2020-02-29,2,2,4,y,0,0,0,0,0,2,2,2,2,4,3,4,7,5,3,3,5,8,Segunda División - Spain,3060242
Girona,Albacete,2020-03-07,1,1,2,y,1,0,0,1,1,0,1,1,0,1,5,2,7,-1,-1,-1,-1,-1,Segunda División - Spain,3060246
Lugo,Cádiz,2020-03-06,1,1,2,y,0,1,1,0,1,1,0,0,1,1,2,5,7,-1,-1,-1,-1,-1,Segunda División - Spain,3060248
Alcorcón,Mirandés,2020-03-08,1,2,3,y,0,0,0,0,0,1,2,2,1,3,6,1,7,-1,-1,-1,-1,-1,Segunda División - Spain,3060243
Almería,Deportivo La Coruña,2020-03-07,4,0,4,n,2,0,0,2,2,2,0,0,2,2,1,2,3,-1,-1,-1,-1,-1,Segunda División - Spain,3060244
Huesca,Fuenlabrada,2020-03-07,2,0,2,n,2,0,0,2,2,0,0,0,0,0,3,1,4,-1,-1,-1,-1,-1,Segunda División - Spain,3060247
Málaga,Real Zaragoza,2020-03-08,0,1,1,n,0,0,0,0,0,0,1,1,0,1,2,3,5,-1,-1,-1,-1,-1,Segunda División - Spain,3060249
Rayo Vallecano,Elche,2020-03-08,2,3,5,y,1,0,0,1,1,1,3,3,1,4,4,3,7,-1,-1,-1,-1,-1,Segunda División - Spain,3060251
Tenerife,Ponferradina,2020-03-08,1,0,1,n,0,0,0,0,0,1,0,0,1,1,2,0,2,-1,-1,-1,-1,-1,Segunda División - Spain,3060252
Sporting Gijón,Las Palmas,2020-03-08,4,0,4,n,0,0,0,0,0,4,0,0,4,4,1,2,3,-1,-1,-1,-1,-1,Segunda División - Spain,3060253
Numancia,Racing Santander,2020-03-07,1,2,3,y,0,0,0,0,0,1,2,2,1,3,2,7,9,-1,-1,-1,-1,-1,Segunda División - Spain,3060250
Extremadura UD,Real Oviedo,2020-03-07,1,2,3,y,0,1,1,0,1,1,1,1,1,2,2,4,6,-1,-1,-1,-1,-1,Segunda División - Spain,3060245
Rayo Vallecano,Albacete,2020-06-10,1,0,1,n,0,0,0,0,0,1,0,0,1,1,4,4,8,1,2,2,1,3,Segunda División - Spain,3060130
Deportivo La Coruña,Sporting Gijón,2020-06-14,0,0,0,n,0,0,0,0,0,0,0,0,0,0,1,0,1,-1,-1,-1,-1,-1,Segunda División - Spain,3060256
Elche,Extremadura UD,2020-06-12,1,1,2,y,1,0,0,1,1,0,1,1,0,1,1,3,4,-1,-1,-1,-1,-1,Segunda División - Spain,3060257
Fuenlabrada,Tenerife,2020-06-12,1,0,1,n,1,0,0,1,1,0,0,0,0,0,4,3,7,-1,-1,-1,-1,-1,Segunda División - Spain,3060258
Las Palmas,Girona,2020-06-13,0,0,0,n,0,0,0,0,0,0,0,0,0,0,4,3,7,-1,-1,-1,-1,-1,Segunda División - Spain,3060259
Mirandés,Numancia,2020-06-14,2,1,3,y,1,0,0,1,1,1,1,1,1,2,3,2,5,-1,-1,-1,-1,-1,Segunda División - Spain,3060260
Málaga,Huesca,2020-06-12,1,3,4,y,1,2,2,1,3,0,1,1,0,1,2,5,7,-1,-1,-1,-1,-1,Segunda División - Spain,3060261
Real Oviedo,Ponferradina,2020-06-12,0,0,0,n,0,0,0,0,0,0,0,0,0,0,2,3,5,-1,-1,-1,-1,-1,Segunda División - Spain,3060262
Racing Santander,Lugo,2020-06-13,1,2,3,y,1,0,0,1,1,0,2,2,0,2,4,2,6,-1,-1,-1,-1,-1,Segunda División - Spain,3060263
Real Zaragoza,Alcorcón,2020-06-13,1,3,4,y,0,0,0,0,0,1,3,3,1,4,2,1,3,-1,-1,-1,-1,-1,Segunda División - Spain,3060264
Albacete,Almería,2020-06-14,0,1,1,n,0,1,1,0,1,0,0,0,0,0,4,3,7,-1,-1,-1,-1,-1,Segunda División - Spain,3060254
Cádiz,Rayo Vallecano,2020-06-14,1,1,2,y,0,0,0,0,0,1,1,1,1,2,3,4,7,-1,-1,-1,-1,-1,Segunda División - Spain,3060255
Girona,Racing Santander,2020-06-16,0,0,0,n,0,0,0,0,0,0,0,0,0,0,3,2,5,-1,-1,-1,-1,-1,Segunda División - Spain,3060268
Lugo,Real Zaragoza,2020-06-16,1,3,4,y,0,1,1,0,1,1,2,2,1,3,1,0,1,-1,-1,-1,-1,-1,Segunda División - Spain,3060270
Ponferradina,Elche,2020-06-15,2,1,3,y,1,1,1,1,2,1,0,0,1,1,5,4,9,-1,-1,-1,-1,-1,Segunda División - Spain,3060272
Tenerife,Málaga,2020-06-15,0,0,0,n,0,0,0,0,0,0,0,0,0,0,2,3,5,-1,-1,-1,-1,-1,Segunda División - Spain,3060275
Alcorcón,Sporting Gijón,2020-06-18,0,2,2,n,0,2,2,0,2,0,0,0,0,0,2,2,4,-1,-1,-1,-1,-1,Segunda División - Spain,3060265
Almería,Las Palmas,2020-06-17,0,1,1,n,0,1,1,0,1,0,0,0,0,0,5,2,7,-1,-1,-1,-1,-1,Segunda División - Spain,3060266
Extremadura UD,Albacete,2020-06-17,0,1,1,n,0,1,1,0,1,0,0,0,0,0,2,6,8,-1,-1,-1,-1,-1,Segunda División - Spain,3060267
Huesca,Mirandés,2020-06-18,1,2,3,y,0,0,0,0,0,1,2,2,1,3,0,4,4,-1,-1,-1,-1,-1,Segunda División - Spain,3060269
Numancia,Cádiz,2020-06-18,1,2,3,y,1,1,1,1,2,0,1,1,0,1,3,4,7,-1,-1,-1,-1,-1,Segunda División - Spain,3060271
Real Oviedo,Deportivo La Coruña,2020-06-17,2,2,4,y,2,1,1,2,3,0,1,1,0,1,3,2,5,-1,-1,-1,-1,-1,Segunda División - Spain,3060273
Rayo Vallecano,Fuenlabrada,2020-06-17,1,0,1,n,0,0,0,0,0,1,0,0,1,1,3,4,7,-1,-1,-1,-1,-1,Segunda División - Spain,3060274
Deportivo La Coruña,Rayo Vallecano,2020-06-20,3,3,6,y,0,2,2,0,2,3,1,1,3,4,0,3,3,-1,-1,-1,-1,-1,Segunda División - Spain,3060278
Elche,Girona,2020-06-19,1,0,1,n,0,0,0,0,0,1,0,0,1,1,3,5,8,-1,-1,-1,-1,-1,Segunda División - Spain,3060279
Las Palmas,Lugo,2020-06-20,1,0,1,n,0,0,0,0,0,1,0,0,1,1,3,4,7,-1,-1,-1,-1,-1,Segunda División - Spain,3060281
Mirandés,Ponferradina,2020-06-21,1,2,3,y,1,1,1,1,2,0,1,1,0,1,6,4,10,-1,-1,-1,-1,-1,Segunda División - Spain,3060282
Málaga,Extremadura UD,2020-06-20,1,1,2,y,1,0,0,1,1,0,1,1,0,1,2,1,3,-1,-1,-1,-1,-1,Segunda División - Spain,3060283
Racing Santander,Tenerife,2020-06-21,1,2,3,y,0,1,1,0,1,1,1,1,1,2,4,2,6,-1,-1,-1,-1,-1,Segunda División - Spain,3060284
Real Zaragoza,Almería,2020-06-20,0,2,2,n,0,1,1,0,1,0,1,1,0,1,4,2,6,-1,-1,-1,-1,-1,Segunda División - Spain,3060286
Albacete,Huesca,2020-06-21,2,2,4,y,1,0,0,1,1,1,2,2,1,3,3,2,5,-1,-1,-1,-1,-1,Segunda División - Spain,3060276
Cádiz,Alcorcón,2020-06-21,1,1,2,y,0,0,0,0,0,1,1,1,1,2,2,3,5,-1,-1,-1,-1,-1,Segunda División - Spain,3060277
Fuenlabrada,Numancia,2020-06-21,2,0,2,n,1,0,0,1,1,1,0,0,1,1,4,3,7,-1,-1,-1,-1,-1,Segunda División - Spain,3060280
Sporting Gijón,Real Oviedo,2020-06-22,0,1,1,n,0,0,0,0,0,0,1,1,0,1,2,3,5,-1,-1,-1,-1,-1,Segunda División - Spain,3060285
Albacete,Las Palmas,2020-06-24,0,0,0,n,0,0,0,0,0,0,0,0,0,0,3,5,8,-1,-1,-1,-1,-1,Segunda División - Spain,3060287
Elche,Deportivo La Coruña,2020-06-23,0,1,1,n,0,0,0,0,0,0,1,1,0,1,4,3,7,-1,-1,-1,-1,-1,Segunda División - Spain,3060289
Extremadura UD,Real Zaragoza,2020-06-23,1,2,3,y,1,1,1,1,2,0,1,1,0,1,3,2,5,-1,-1,-1,-1,-1,Segunda División - Spain,3060290
Girona,Numancia,2020-06-24,2,0,2,n,2,0,0,2,2,0,0,0,0,0,2,0,2,-1,-1,-1,-1,-1,Segunda División - Spain,3060291
Huesca,Cádiz,2020-06-24,1,1,2,y,0,0,0,0,0,1,1,1,1,2,4,2,6,-1,-1,-1,-1,-1,Segunda División - Spain,3060292
Lugo,Málaga,2020-06-23,0,0,0,n,0,0,0,0,0,0,0,0,0,0,2,2,4,-1,-1,-1,-1,-1,Segunda División - Spain,3060293
Ponferradina,Racing Santander,2020-06-24,1,1,2,y,1,1,1,1,2,0,0,0,0,0,3,6,9,-1,-1,-1,-1,-1,Segunda División - Spain,3060294
Tenerife,Mirandés,2020-06-24,4,1,5,y,2,0,0,2,2,2,1,1,2,3,2,1,3,-1,-1,-1,-1,-1,Segunda División - Spain,3060297
Almería,Alcorcón,2020-06-25,0,1,1,n,0,1,1,0,1,0,0,0,0,0,5,2,7,-1,-1,-1,-1,-1,Segunda División - Spain,3060288
Real Oviedo,Fuenlabrada,2020-06-25,0,0,0,n,0,0,0,0,0,0,0,0,0,0,3,3,6,-1,-1,-1,-1,-1,Segunda División - Spain,3060295
Rayo Vallecano,Sporting Gijón,2020-06-25,1,1,2,y,0,1,1,0,1,1,0,0,1,1,2,4,6,-1,-1,-1,-1,-1,Segunda División - Spain,3060296
Cádiz,Tenerife,2020-06-27,0,2,2,n,0,1,1,0,1,0,1,1,0,1,6,4,10,-1,-1,-1,-1,-1,Segunda División - Spain,3060299
Deportivo La Coruña,Ponferradina,2020-06-27,2,1,3,y,0,0,0,0,0,2,1,1,2,3,4,1,5,-1,-1,-1,-1,-1,Segunda División - Spain,3060300
Fuenlabrada,Extremadura UD,2020-06-28,1,1,2,y,1,1,1,1,2,0,0,0,0,0,0,1,1,-1,-1,-1,-1,-1,Segunda División - Spain,3060301
Las Palmas,Elche,2020-06-27,1,1,2,y,1,1,1,1,2,0,0,0,0,0,3,3,6,-1,-1,-1,-1,-1,Segunda División - Spain,3060302
Mirandés,Almería,2020-06-28,2,2,4,y,1,2,2,1,3,1,0,0,1,1,3,4,7,-1,-1,-1,-1,-1,Segunda División - Spain,3060303
Málaga,Girona,2020-06-28,2,0,2,n,1,0,0,1,1,1,0,0,1,1,8,4,12,-1,-1,-1,-1,-1,Segunda División - Spain,3060304
Numancia,Real Oviedo,2020-06-28,1,0,1,n,1,0,0,1,1,0,0,0,0,0,4,3,7,-1,-1,-1,-1,-1,Segunda División - Spain,3060305
Racing Santander,Albacete,2020-06-27,1,2,3,y,1,0,0,1,1,0,2,2,0,2,4,4,8,-1,-1,-1,-1,-1,Segunda División - Spain,3060306
Sporting Gijón,Lugo,2020-06-28,2,0,2,n,1,0,0,1,1,1,0,0,1,1,2,0,2,-1,-1,-1,-1,-1,Segunda División - Spain,3060307
Alcorcón,Rayo Vallecano,2020-06-29,3,2,5,y,1,1,1,1,2,2,1,1,2,3,2,5,7,-1,-1,-1,-1,-1,Segunda División - Spain,3060298
Real Zaragoza,Huesca,2020-06-29,0,1,1,n,0,0,0,0,0,0,1,1,0,1,5,3,8,-1,-1,-1,-1,-1,Segunda División - Spain,3060308
Elche,Cádiz,2020-06-30,0,0,0,n,0,0,0,0,0,0,0,0,0,0,3,2,5,-1,-1,-1,-1,-1,Segunda División - Spain,3060311
Tenerife,Deportivo La Coruña,2020-06-30,1,1,2,y,0,0,0,0,0,1,1,1,1,2,2,3,5,-1,-1,-1,-1,-1,Segunda División - Spain,3060319
Albacete,Alcorcón,2020-07-02,1,1,2,y,0,1,1,0,1,1,0,0,1,1,4,5,9,-1,-1,-1,-1,-1,Segunda División - Spain,3060309
Almería,Sporting Gijón,2020-07-01,1,0,1,n,0,0,0,0,0,1,0,0,1,1,0,3,3,-1,-1,-1,-1,-1,Segunda División - Spain,3060310
Extremadura UD,Racing Santander,2020-07-01,3,1,4,y,2,0,0,2,2,1,1,1,1,2,1,2,3,-1,-1,-1,-1,-1,Segunda División - Spain,3060312
Huesca,Las Palmas,2020-07-02,1,0,1,n,1,0,0,1,1,0,0,0,0,0,1,3,4,-1,-1,-1,-1,-1,Segunda División - Spain,3060314
Lugo,Numancia,2020-07-01,3,1,4,y,1,0,0,1,1,2,1,1,2,3,3,3,6,-1,-1,-1,-1,-1,Segunda División - Spain,3060315
Ponferradina,Fuenlabrada,2020-07-01,0,3,3,n,0,0,0,0,0,0,3,3,0,3,3,3,6,-1,-1,-1,-1,-1,Segunda División - Spain,3060316
Real Oviedo,Mirandés,2020-07-01,1,0,1,n,1,0,0,1,1,0,0,0,0,0,2,2,4,-1,-1,-1,-1,-1,Segunda División - Spain,3060317
Rayo Vallecano,Málaga,2020-07-02,0,0,0,n,0,0,0,0,0,0,0,0,0,0,3,4,7,-1,-1,-1,-1,-1,Segunda División - Spain,3060318
Girona,Real Zaragoza,2020-07-03,1,0,1,n,0,0,0,0,0,1,0,0,1,1,4,2,6,-1,-1,-1,-1,-1,Segunda División - Spain,3060313
Alcorcón,Lugo,2020-07-05,2,2,4,y,1,0,0,1,1,1,2,2,1,3,4,4,8,-1,-1,-1,-1,-1,Segunda División - Spain,3060320
Almería,Tenerife,2020-07-04,1,2,3,y,1,1,1,1,2,0,1,1,0,1,6,2,8,-1,-1,-1,-1,-1,Segunda División - Spain,3060321
Cádiz,Real Oviedo,2020-07-04,2,0,2,n,1,0,0,1,1,1,0,0,1,1,4,4,8,-1,-1,-1,-1,-1,Segunda División - Spain,3060322
Deportivo La Coruña,Huesca,2020-07-05,2,1,3,y,2,1,1,2,3,0,0,0,0,0,2,2,4,-1,-1,-1,-1,-1,Segunda División - Spain,3060323
Fuenlabrada,Mirandés,2020-07-04,2,2,4,y,0,0,0,0,0,2,2,2,2,4,5,1,6,-1,-1,-1,-1,-1,Segunda División - Spain,3060324
Las Palmas,Ponferradina,2020-07-05,3,0,3,n,0,0,0,0,0,3,0,0,3,3,2,5,7,-1,-1,-1,-1,-1,Segunda División - Spain,3060325
Numancia,Extremadura UD,2020-07-04,1,0,1,n,1,0,0,1,1,0,0,0,0,0,6,3,9,-1,-1,-1,-1,-1,Segunda División - Spain,3060327
Málaga,Albacete,2020-07-05,0,0,0,n,0,0,0,0,0,0,0,0,0,0,6,2,8,-1,-1,-1,-1,-1,Segunda División - Spain,3060326
Racing Santander,Elche,2020-07-04,1,2,3,y,1,0,0,1,1,0,2,2,0,2,5,2,7,-1,-1,-1,-1,-1,Segunda División - Spain,3060328
Sporting Gijón,Girona,2020-07-06,0,0,0,n,0,0,0,0,0,0,0,0,0,0,2,0,2,-1,-1,-1,-1,-1,Segunda División - Spain,3060329
Real Zaragoza,Rayo Vallecano,2020-07-06,2,4,6,y,1,1,1,1,2,1,3,3,1,4,4,4,8,-1,-1,-1,-1,-1,Segunda División - Spain,3060330
Fuenlabrada,Racing Santander,2020-07-07,1,0,1,n,0,0,0,0,0,1,0,0,1,1,1,2,3,-1,-1,-1,-1,-1,Segunda División - Spain,3060333
Huesca,Alcorcón,2020-07-08,2,1,3,y,2,1,1,2,3,0,0,0,0,0,2,2,4,-1,-1,-1,-1,-1,Segunda División - Spain,3060335
Mirandés,Elche,2020-07-07,1,0,1,n,0,0,0,0,0,1,0,0,1,1,1,2,3,-1,-1,-1,-1,-1,Segunda División - Spain,3060336
Málaga,Deportivo La Coruña,2020-07-08,1,0,1,n,0,0,0,0,0,1,0,0,1,1,1,4,5,-1,-1,-1,-1,-1,Segunda División - Spain,3060337
Ponferradina,Lugo,2020-07-08,0,1,1,n,0,0,0,0,0,0,1,1,0,1,2,5,7,-1,-1,-1,-1,-1,Segunda División - Spain,3060338
Real Oviedo,Las Palmas,2020-07-08,2,1,3,y,1,0,0,1,1,1,1,1,1,2,2,3,5,-1,-1,-1,-1,-1,Segunda División - Spain,3060339
Albacete,Sporting Gijón,2020-07-09,1,1,2,y,0,1,1,0,1,1,0,0,1,1,4,5,9,-1,-1,-1,-1,-1,Segunda División - Spain,3060331
Extremadura UD,Cádiz,2020-07-07,0,1,1,n,0,1,1,0,1,0,0,0,0,0,1,3,4,-1,-1,-1,-1,-1,Segunda División - Spain,3060332
Girona,Almería,2020-07-09,1,0,1,n,0,0,0,0,0,1,0,0,1,1,2,4,6,-1,-1,-1,-1,-1,Segunda División - Spain,3060334
Rayo Vallecano,Numancia,2020-07-09,3,2,5,y,2,0,0,2,2,1,2,2,1,3,3,6,9,-1,-1,-1,-1,-1,Segunda División - Spain,3060340
Tenerife,Real Zaragoza,2020-07-09,1,1,2,y,1,1,1,1,2,0,0,0,0,0,3,4,7,-1,-1,-1,-1,-1,Segunda División - Spain,3060341
Cádiz,Fuenlabrada,2020-07-11,0,1,1,n,0,0,0,0,0,0,1,1,0,1,2,3,5,-1,-1,-1,-1,-1,Segunda División - Spain,3060344
Deportivo La Coruña,Extremadura UD,2020-07-12,2,3,5,y,1,0,0,1,1,1,3,3,1,4,0,2,2,-1,-1,-1,-1,-1,Segunda División - Spain,3060345
Las Palmas,Mirandés,2020-07-11,1,0,1,n,0,0,0,0,0,1,0,0,1,1,3,3,6,-1,-1,-1,-1,-1,Segunda División - Spain,3060347
Racing Santander,Huesca,2020-07-11,1,0,1,n,1,0,0,1,1,0,0,0,0,0,1,1,2,-1,-1,-1,-1,-1,Segunda División - Spain,3060350
Lugo,Girona,2020-07-12,2,2,4,y,1,1,1,1,2,1,1,1,1,2,3,2,5,-1,-1,-1,-1,-1,Segunda División - Spain,3060348
Numancia,Ponferradina,2020-07-12,1,0,1,n,0,0,0,0,0,1,0,0,1,1,3,2,5,-1,-1,-1,-1,-1,Segunda División - Spain,3060349
Real Zaragoza,Real Oviedo,2020-07-12,2,4,6,y,0,2,2,0,2,2,2,2,2,4,4,0,4,-1,-1,-1,-1,-1,Segunda División - Spain,3060352
Alcorcón,Tenerife,2020-07-13,0,0,0,n,0,0,0,0,0,0,0,0,0,0,5,3,8,-1,-1,-1,-1,-1,Segunda División - Spain,3060342
Almería,Rayo Vallecano,2020-07-13,3,2,5,y,3,0,0,3,3,0,2,2,0,2,2,3,5,-1,-1,-1,-1,-1,Segunda División - Spain,3060343
Elche,Albacete,2020-07-13,2,0,2,n,0,0,0,0,0,2,0,0,2,2,3,4,7,-1,-1,-1,-1,-1,Segunda División - Spain,3060346
Sporting Gijón,Málaga,2020-07-13,2,1,3,y,2,0,0,2,2,0,1,1,0,1,2,1,3,-1,-1,-1,-1,-1,Segunda División - Spain,3060351
Albacete,Real Zaragoza,2020-07-17,4,1,5,y,3,1,1,3,4,1,0,0,1,1,2,2,4,-1,-1,-1,-1,-1,Segunda División - Spain,3060353
Extremadura UD,Sporting Gijón,2020-07-17,2,0,2,n,2,0,0,2,2,0,0,0,0,0,1,5,6,-1,-1,-1,-1,-1,Segunda División - Spain,3060354
Fuenlabrada,Elche,2020-07-17,3,1,4,y,0,0,0,0,0,3,1,1,3,4,4,5,9,-1,-1,-1,-1,-1,Segunda División - Spain,3060355
Girona,Cádiz,2020-07-17,2,1,3,y,1,0,0,1,1,1,1,1,1,2,4,4,8,-1,-1,-1,-1,-1,Segunda División - Spain,3060356
Huesca,Numancia,2020-07-17,3,0,3,n,0,0,0,0,0,3,0,0,3,3,1,1,2,-1,-1,-1,-1,-1,Segunda División - Spain,3060357
Mirandés,Deportivo La Coruña,2020-07-17,1,0,1,n,1,0,0,1,1,0,0,0,0,0,5,2,7,-1,-1,-1,-1,-1,Segunda División - Spain,3060358
Málaga,Alcorcón,2020-07-17,2,0,2,n,1,0,0,1,1,1,0,0,1,1,0,4,4,-1,-1,-1,-1,-1,Segunda División - Spain,3060359
Ponferradina,Almería,2020-07-17,2,1,3,y,1,1,1,1,2,1,0,0,1,1,3,3,6,-1,-1,-1,-1,-1,Segunda División - Spain,3060360
Real Oviedo,Racing Santander,2020-07-17,1,0,1,n,1,0,0,1,1,0,0,0,0,0,2,2,4,-1,-1,-1,-1,-1,Segunda División - Spain,3060361
Rayo Vallecano,Las Palmas,2020-07-17,2,2,4,y,1,1,1,1,2,1,1,1,1,2,6,3,9,-1,-1,-1,-1,-1,Segunda División - Spain,3060362
Tenerife,Lugo,2020-07-17,1,2,3,y,0,0,0,0,0,1,2,2,1,3,1,4,5,-1,-1,-1,-1,-1,Segunda División - Spain,3060363
Alcorcón,Girona,2020-07-20,2,0,2,n,0,0,0,0,0,2,0,0,2,2,0,1,1,-1,-1,-1,-1,-1,Segunda División - Spain,3060364
Almería,Málaga,2020-07-20,0,0,0,n,0,0,0,0,0,0,0,0,0,0,1,2,3,-1,-1,-1,-1,-1,Segunda División - Spain,3060365
Cádiz,Albacete,2020-07-20,0,1,1,n,0,0,0,0,0,0,1,1,0,1,2,1,3,-1,-1,-1,-1,-1,Segunda División - Spain,3060366
Elche,Real Oviedo,2020-07-20,2,1,3,y,1,1,1,1,2,1,0,0,1,1,3,4,7,-1,-1,-1,-1,-1,Segunda División - Spain,3060368
Las Palmas,Extremadura UD,2020-07-20,5,1,6,y,4,0,0,4,4,1,1,1,1,2,2,1,3,-1,-1,-1,-1,-1,Segunda División - Spain,3060369
Lugo,Mirandés,2020-07-20,2,1,3,y,0,1,1,0,1,2,0,0,2,2,3,1,4,-1,-1,-1,-1,-1,Segunda División - Spain,3060370
Numancia,Tenerife,2020-07-20,2,1,3,y,1,0,0,1,1,1,1,1,1,2,3,0,3,-1,-1,-1,-1,-1,Segunda División - Spain,3060371
Racing Santander,Rayo Vallecano,2020-07-20,1,2,3,y,1,0,0,1,1,0,2,2,0,2,2,4,6,-1,-1,-1,-1,-1,Segunda División - Spain,3060372
Sporting Gijón,Huesca,2020-07-20,0,1,1,n,0,0,0,0,0,0,1,1,0,1,2,2,4,-1,-1,-1,-1,-1,Segunda División - Spain,3060373
Real Zaragoza,Ponferradina,2020-07-20,2,1,3,y,1,0,0,1,1,1,1,1,1,2,2,0,2,-1,-1,-1,-1,-1,Segunda División - Spain,3060374
